1770710582.988000,45.174290,6.493964,1785.800000,353.3,0.455489,10.9,6.5
1770710583.988000,45.174298,6.493962,1785.800000,359.4,0.273241,10.9,5.9
1770710614.988000,45.174370,6.494043,1785.800000,8.0,0.530000,3.7,3.8
1770710646.989000,45.174280,6.494070,1785.800000,8.0,0.690000,8.7,3.8
1770710683.988000,45.174280,6.494201,1785.399976,140.0,0.460008,2.1,3.8
1770710732.988000,45.174297,6.494326,1785.499951,-1.0,0.000000,1.1,3.8
1770710753.988000,45.174300,6.494457,1785.399976,85.0,0.590000,4.4,7.2
1770710758.989000,45.174348,6.494632,1785.399976,73.0,5.140000,4.4,9.1
1770710761.989000,45.174389,6.494822,1785.399976,75.0,4.600000,4.4,7.0
1770710764.989000,45.174427,6.494987,1785.399976,76.0,4.660000,4.5,3.9
1770710767.988000,45.174461,6.495156,1785.399976,76.0,4.520000,4.5,3.8
1770710770.989000,45.174494,6.495323,1785.399976,74.0,4.490000,4.5,3.8
1770710773.989000,45.174527,6.495488,1785.399976,73.0,4.530000,2.3,3.8
1770710776.988000,45.174560,6.495649,1785.399976,75.0,4.420000,2.3,3.8
1770710779.988000,45.174594,6.495816,1785.399976,76.0,4.740000,2.3,3.8
1770710782.988000,45.174629,6.495989,1785.399976,76.0,4.680000,2.3,3.8
1770710785.989000,45.174665,6.496163,1785.399976,74.0,4.570000,2.4,3.8
1770710788.989000,45.174698,6.496335,1818.899976,74.4,12.103475,21.0,61.0
1770710791.989000,45.174731,6.496506,1852.399976,75.0,4.570000,2.2,3.8
1770710794.988000,45.174764,6.496676,1855.100049,76.0,4.640000,2.1,3.8
1770710797.989000,45.174796,6.496842,1855.100049,74.0,4.520000,2.1,3.8
1770710800.989000,45.174824,6.497005,1855.100049,73.0,4.450131,2.1,3.8
1770710803.988000,45.174858,6.497184,1865.404980,74.0,5.321598,2.5,3.8
1770710806.989000,45.174895,6.497358,1868.258984,74.0,5.109113,2.5,3.8
1770710809.989000,45.174928,6.497534,1871.479199,76.0,4.903845,2.5,3.8
1770710812.989000,45.174960,6.497708,1874.787061,75.0,4.593071,2.5,3.8
1770710815.989000,45.174998,6.497887,1878.803174,73.0,4.723826,2.5,3.8
1770710818.989000,45.175031,6.498062,1883.382520,74.0,4.682782,2.5,3.8
1770710821.989000,45.175072,6.498239,1887.675977,73.0,4.870747,2.5,3.8
1770710824.989000,45.175093,6.498414,1892.370801,75.0,4.923122,2.5,3.8
1770710827.989000,45.175116,6.498572,1895.310254,71.0,4.022518,2.5,3.8
1770710829.988000,45.175159,6.498701,1897.376660,78.0,5.241815,2.5,3.8
1770710832.988000,45.175192,6.498885,1900.848096,75.0,5.118792,2.5,3.8
1770710835.989000,45.175226,6.499061,1904.649121,75.0,4.829139,2.5,3.8
1770710838.989000,45.175244,6.499241,1908.156201,73.0,4.956831,2.5,3.8
1770710841.989000,45.175290,6.499418,1913.006299,73.0,4.992850,2.5,3.8
1770710844.989000,45.175329,6.499593,1917.965039,75.0,4.787405,2.5,3.8
1770710847.989000,45.175364,6.499767,1922.298047,74.0,4.972483,2.5,3.8
1770710850.988000,45.175400,6.499941,1927.458936,74.0,4.948771,2.5,3.8
1770710853.988000,45.175431,6.500115,1933.219434,75.0,4.870594,2.5,3.8
1770710856.988000,45.175463,6.500292,1937.348340,75.0,5.340195,2.5,3.8
1770710859.989000,45.175498,6.500469,1941.101758,74.0,5.192113,2.5,3.8
1770710862.988000,45.175534,6.500645,1945.263379,74.0,5.052752,2.5,4.0
1770710865.989000,45.175565,6.500820,1949.261426,74.0,5.021201,2.5,4.0
1770710868.989000,45.175599,6.500997,1953.975293,75.0,4.928738,2.5,3.8
1770710871.989000,45.175632,6.501172,1958.701367,75.0,4.933065,2.5,3.8
1770710874.988000,45.175665,6.501343,1963.610059,74.0,4.913907,2.5,3.8
1770710877.988000,45.175698,6.501516,1968.791211,74.0,4.888890,2.5,3.8
1770710880.988000,45.175732,6.501687,1973.960889,75.0,4.929892,2.5,3.8
1770710883.989000,45.175764,6.501855,1979.620068,75.0,4.891182,2.5,3.8
1770710886.988000,45.175796,6.502024,1985.799023,74.0,4.939185,2.5,3.8
1770710889.989000,45.175826,6.502189,1991.973340,74.0,4.887895,2.5,3.8
1770710892.989000,45.175857,6.502354,1998.611279,74.0,4.846771,2.5,3.8
1770710895.989000,45.175887,6.502516,2005.509961,75.0,4.936433,2.5,3.8
1770710898.989000,45.175920,6.502680,2012.291211,75.0,4.958498,2.5,3.8
1770710901.988000,45.175952,6.502840,2019.562939,75.0,4.893807,2.5,3.8
1770710904.988000,45.175980,6.502998,2027.236768,74.0,4.943710,2.5,3.8
1770710907.989000,45.176017,6.503176,2030.274609,74.0,5.585296,2.5,3.8
1770710910.988000,45.176052,6.503350,2033.657422,74.0,5.354764,2.5,3.8
1770710913.989000,45.176083,6.503529,2037.388623,75.0,5.196802,2.5,3.8
1770710916.989000,45.176116,6.503708,2041.380322,74.0,4.971704,2.5,3.8
1770710919.989000,45.176150,6.503886,2045.342969,74.0,4.932509,2.5,3.8
1770710922.988000,45.176183,6.504061,2049.380566,75.0,4.917764,2.5,3.8
1770710925.989000,45.176219,6.504240,2053.186963,75.0,4.909803,2.5,3.8
1770710928.989000,45.176252,6.504417,2058.037305,74.0,4.871929,2.5,3.8
1770710931.989000,45.176285,6.504591,2062.726514,74.0,4.841791,2.5,3.8
1770710934.988000,45.176319,6.504768,2067.693311,75.0,4.932045,2.5,3.8
1770710937.989000,45.176352,6.504941,2072.475537,75.0,4.929431,2.5,3.8
1770710940.989000,45.176384,6.505113,2077.689404,75.0,4.929959,2.5,3.8
1770710943.988000,45.176416,6.505286,2082.806592,74.0,4.951379,2.5,3.8
1770710946.989000,45.176447,6.505456,2088.383496,74.0,4.921829,2.5,3.8
1770710949.989000,45.176481,6.505623,2093.862500,75.0,4.923866,2.5,3.8
1770710952.989000,45.176516,6.505791,2099.406934,75.0,4.961825,2.5,3.8
1770710955.989000,45.176547,6.505958,2105.494092,74.0,4.917873,2.5,3.8
1770710958.988000,45.176578,6.506125,2111.612500,74.0,4.852864,2.5,3.8
1770710961.989000,45.176612,6.506292,2118.301953,74.0,4.912093,2.5,3.8
1770710964.989000,45.176645,6.506456,2125.149854,75.0,4.895100,2.5,3.8
1770710967.988000,45.176678,6.506618,2132.030469,75.0,4.879899,2.5,3.8
1770710970.989000,45.176710,6.506781,2139.135693,74.0,4.935242,2.5,3.8
1770710973.989000,45.176738,6.506942,2145.977979,74.0,4.897097,2.5,3.8
1770710976.988000,45.176766,6.507099,2153.314893,74.0,4.863882,2.5,3.8
1770710979.989000,45.176795,6.507256,2160.307812,75.0,4.947166,2.5,3.8
1770710981.989000,45.176820,6.507378,2162.947217,74.0,5.347187,2.5,3.8
1770710984.989000,45.176852,6.507551,2167.462109,73.0,5.311577,2.5,3.8
1770710987.988000,45.176886,6.507723,2171.739209,74.0,5.149881,2.5,3.8
1770710990.988000,45.176921,6.507901,2176.528027,75.0,4.998520,2.5,3.8
1770710993.989000,45.176953,6.508078,2181.208447,74.0,4.930705,2.5,3.8
1770710996.989000,45.176986,6.508251,2186.330762,75.0,4.927603,2.5,3.8
1770710999.989000,45.177018,6.508424,2191.078320,75.0,4.902419,2.5,3.8
1770711002.989000,45.177050,6.508596,2196.532666,73.0,4.930338,2.5,3.8
1770711005.989000,45.177083,6.508764,2201.938916,75.0,4.894976,2.5,3.8
1770711008.989000,45.177118,6.508933,2207.485059,76.0,4.935562,2.5,3.8
1770711011.988000,45.177150,6.509102,2213.428418,74.0,4.907255,2.5,3.8
1770711014.988000,45.177179,6.509268,2219.949902,74.0,4.877463,2.5,3.8
1770711016.988000,45.177202,6.509395,2221.595410,74.0,5.453940,2.5,3.8
1770711019.988000,45.177237,6.509572,2224.202832,75.0,5.161355,2.5,3.8
1770711022.988000,45.177271,6.509751,2227.251416,75.0,5.001207,2.5,3.8
1770711025.988000,45.177304,6.509933,2230.436719,74.0,5.117533,2.5,3.8
1770711028.989000,45.177340,6.510111,2233.475049,75.0,4.969585,2.5,3.8
1770711031.989000,45.177375,6.510289,2237.051709,75.0,4.908197,2.5,3.8
1770711034.988000,45.177410,6.510468,2240.465283,74.0,4.973436,2.5,3.8
1770711037.988000,45.177445,6.510645,2243.961621,75.0,4.891618,2.5,3.8
1770711040.988000,45.177479,6.510821,2247.751416,75.0,4.896744,2.5,3.8
1770711043.989000,45.177515,6.510997,2251.915234,74.0,4.947549,2.5,3.8
1770711046.988000,45.177550,6.511172,2256.102734,74.0,4.925508,2.5,3.8
1770711049.989000,45.177584,6.511347,2260.673047,75.0,4.921121,2.5,3.8
1770711052.990000,45.177617,6.511520,2265.184033,74.0,4.814329,2.5,3.8
1770711055.989000,45.177650,6.511695,2270.258740,75.0,4.932830,2.5,3.8
1770711058.989000,45.177682,6.511867,2275.409619,74.0,4.920440,2.5,3.8
1770711061.989000,45.177715,6.512038,2280.678662,75.0,4.949241,2.5,3.8
1770711064.989000,45.177749,6.512208,2285.954785,75.0,4.914925,2.5,3.8
1770711067.990000,45.177781,6.512378,2291.433301,75.0,4.936111,2.5,4.3
1770711070.989000,45.177812,6.512548,2297.331982,74.0,4.940200,2.5,3.8
1770711073.989000,45.177845,6.512717,2303.532910,75.0,4.923296,2.5,3.8
1770711076.988000,45.177878,6.512884,2309.507031,75.0,4.927803,2.5,3.8
1770711079.989000,45.177909,6.513052,2316.128125,75.0,4.957385,2.5,3.8
1770711082.988000,45.177941,6.513218,2322.323193,75.0,4.904230,2.5,3.8
1770711085.988000,45.177973,6.513382,2328.844434,74.0,4.942739,2.5,3.8
1770711088.989000,45.178004,6.513545,2335.624951,74.0,4.944679,2.5,3.8
1770711091.990000,45.178035,6.513709,2342.636426,74.0,4.905432,2.5,3.8
1770711094.989000,45.178065,6.513873,2348.720654,74.0,5.189232,2.5,3.8
1770711097.988000,45.178100,6.514044,2353.523389,75.0,5.011396,2.5,3.8
1770711100.988000,45.178130,6.514215,2358.691602,75.0,4.976289,2.5,3.8
1770711103.989000,45.178154,6.514386,2364.164014,75.0,4.918867,2.5,3.8
1770711106.988000,45.178196,6.514556,2369.623730,74.0,4.918817,2.5,3.8
1770711109.988000,45.178232,6.514725,2375.216260,74.0,4.933156,2.5,3.8
1770711112.989000,45.178265,6.514893,2381.144482,74.0,4.910387,2.5,3.8
1770711115.989000,45.178297,6.515060,2386.840771,75.0,4.899126,2.5,3.8
1770711118.989000,45.178327,6.515228,2393.527051,75.0,4.948544,2.5,3.8
1770711121.989000,45.178357,6.515400,2400.124707,75.0,4.910230,2.5,3.8
1770711124.989000,45.178387,6.515594,2402.763379,75.0,5.361732,2.5,3.8
1770711127.989000,45.178420,6.515769,2401.300244,74.0,4.841844,3.3,3.8
1770711136.989000,45.178450,6.515914,2401.300244,79.0,2.607200,3.4,4.3
1770711144.989000,45.178441,6.516046,2401.300244,112.0,0.597444,3.4,3.8
1770711157.988000,45.178387,6.516151,2401.500195,162.0,0.859255,4.0,3.8
1770711208.991000,45.178296,6.516182,2401.500195,163.0,0.620012,3.9,3.8
1770711220.989000,45.178205,6.516144,2401.500195,175.0,1.730004,1.3,3.8
1770711225.990000,45.178118,6.516094,2401.300244,203.0,2.780035,4.2,3.8
1770711244.990000,45.178031,6.516130,2401.300244,170.0,0.580086,4.2,3.8
1770711250.989000,45.177926,6.516134,2401.300244,172.0,2.840018,4.2,3.8
1770711254.990000,45.177822,6.516080,2401.300244,165.0,2.690019,3.6,3.8
1770711257.990000,45.177732,6.516037,2401.300244,226.0,4.430000,3.6,3.8
1770711260.991000,45.177636,6.515970,2401.300244,209.0,5.020000,3.7,3.8
1770711263.989000,45.177532,6.515953,2401.300244,208.0,3.160000,3.7,3.8
1770711268.991000,45.177434,6.515912,2401.300244,176.0,1.990000,3.7,3.8
1770711273.990000,45.177340,6.515891,2401.300244,176.0,2.490000,3.8,3.8
1770711278.989000,45.177236,6.515880,2401.300244,192.0,2.050000,3.8,3.8
1770711283.989000,45.177141,6.515883,2401.300244,164.0,1.870000,3.9,3.8
1770711288.989000,45.177053,6.515915,2401.300244,162.0,1.910000,3.9,3.8
1770711293.990000,45.176954,6.515962,2401.300244,173.0,2.720000,4.0,4.0
1770711297.990000,45.176845,6.515998,2401.500195,161.0,2.660029,13.6,3.8
1770711302.990000,45.176748,6.516047,2401.500195,157.0,2.280034,13.7,3.8
1770711307.989000,45.176660,6.516112,2401.500195,163.0,1.870042,13.7,3.8
1770711315.990000,45.176566,6.516126,2377.114453,162.0,1.172255,2.5,3.8
1770711322.989000,45.176476,6.516198,2375.685498,148.0,2.289229,2.5,3.8
1770711327.990000,45.176386,6.516224,2375.140332,157.0,2.077505,2.5,3.8
1770711347.989000,45.176329,6.516246,2401.500195,-1.0,0.000000,15.0,3.8
1770711347.989000,45.176329,6.516246,2401.500195,0.0,0.000000,21.0,61.0
1770711370.990000,45.176286,6.516231,2401.300244,190.0,1.310000,9.6,3.8
1770711376.990000,45.176198,6.516205,2401.500195,172.0,1.860000,10.5,3.8
1770711381.990000,45.176102,6.516173,2401.500195,185.0,2.310000,10.5,3.8
1770711386.989000,45.176017,6.516228,2401.500195,170.0,2.740022,10.6,3.8
1770711390.991000,45.175922,6.516186,2401.500195,168.0,2.880012,10.6,3.8
1770711394.990000,45.175836,6.516232,2401.500195,200.0,2.880000,10.6,3.8
1770711398.990000,45.175742,6.516274,2401.500195,141.0,3.040000,10.7,3.8
1770711402.989000,45.175643,6.516256,2401.500195,170.0,3.430000,10.7,3.8
1770711405.990000,45.175570,6.516332,2401.500195,149.0,3.550000,10.8,3.8
1770711409.990000,45.175477,6.516384,2401.500195,113.0,3.100000,10.8,3.8
1770711414.989000,45.175365,6.516398,2401.500195,165.0,3.340000,10.8,3.8
1770711418.990000,45.175282,6.516492,2401.500195,167.0,3.400000,10.9,3.8
1770711422.989000,45.175184,6.516485,2401.500195,155.0,3.200000,10.9,3.8
1770711426.990000,45.175089,6.516576,2401.500195,121.0,3.410000,11.0,3.8
1770711429.989000,45.175004,6.516653,2401.500195,160.0,3.580000,11.0,3.8
1770711432.990000,45.174919,6.516703,2401.500195,154.0,3.850000,11.0,3.8
1770711436.989000,45.174820,6.516771,2401.500195,165.0,2.760000,11.1,3.8
1770711440.990000,45.174723,6.516789,2401.500195,173.0,2.930000,11.1,3.8
1770711444.991000,45.174626,6.516817,2401.500195,176.0,2.520000,11.1,3.8
1770711449.990000,45.174530,6.516828,2401.500195,164.0,2.510000,11.2,3.8
1770711454.989000,45.174448,6.516905,2401.500195,149.0,1.720000,11.2,3.8
1770711503.989000,45.174354,6.516908,2352.553174,148.0,1.235502,2.5,3.8
1770711514.990000,45.174253,6.516930,2351.624219,206.0,2.395361,2.5,3.8
1770711519.990000,45.174148,6.516984,2350.574902,151.0,2.719288,2.5,3.8
1770711524.989000,45.174055,6.516991,2350.182080,132.0,2.602694,2.5,3.8
1770711528.989000,45.173970,6.517054,2348.925761,144.2,2.684487,21.0,61.0
1770711532.990000,45.173885,6.517117,2347.669128,137.6,2.684487,21.0,61.0
1770711536.989000,45.173800,6.517180,2346.413124,155.7,2.684487,21.0,61.0
1770711541.989000,45.173694,6.517259,2344.842725,144.0,2.110000,2.5,3.8
1770711547.989000,45.173606,6.517300,2342.989941,187.0,0.620000,2.5,3.8
1770711555.991000,45.173501,6.517352,2341.145947,192.0,2.940000,2.5,3.8
1770711559.990000,45.173405,6.517370,2339.259229,162.0,2.235548,2.5,3.8
1770711563.989000,45.173356,6.517483,2337.844434,125.0,2.939868,2.5,3.8
1770711567.989000,45.173253,6.517443,2336.160352,226.0,3.429935,2.5,3.8
1770711571.990000,45.173163,6.517472,2333.633496,125.0,2.997010,2.5,4.4
1770711575.989000,45.173067,6.517486,2331.807324,218.0,3.411939,2.5,3.8
1770711579.990000,45.172970,6.517488,2330.132275,143.0,2.320603,2.5,3.8
1770711583.989000,45.172864,6.517472,2329.032910,205.0,3.240759,2.5,3.8
1770711587.990000,45.172758,6.517445,2328.120068,174.0,2.751662,2.5,3.8
1770711594.989000,45.172658,6.517451,2327.979688,177.0,1.271980,2.5,3.8
1770711600.991000,45.172558,6.517475,2327.296826,176.0,2.076115,2.5,3.8
1770711606.989000,45.172464,6.517470,2326.612744,178.0,1.524652,2.5,3.8
1770711616.989000,45.172369,6.517514,2324.795117,165.0,1.174920,2.5,3.8
1770711627.989000,45.172282,6.517548,2323.313916,160.0,0.375516,2.5,3.8
1770711633.990000,45.172181,6.517562,2322.177441,187.0,3.003999,2.5,3.8
1770711639.990000,45.172126,6.517462,2321.353223,244.0,0.219896,2.5,3.8
1770711783.991000,45.172179,6.517354,1251.200024,325.0,2.160576,12.5,3.8
1770711794.990000,45.172271,6.517301,1251.200024,330.0,2.715137,12.6,3.8
1770711799.990000,45.172356,6.517220,1251.200024,309.0,2.478014,12.6,3.8
1770711819.991000,45.172360,6.517197,2318.758496,-1.0,0.000000,2.5,3.8
1770711819.991000,45.172360,6.517197,2318.758496,0.0,0.000000,21.0,61.0
1770711859.991000,45.172457,6.517157,2316.720166,345.0,2.690000,2.5,3.8
1770711862.990000,45.172559,6.517142,2315.006055,359.0,4.370000,2.5,3.8
1770711865.990000,45.172660,6.517151,2314.593701,353.0,2.710000,2.5,3.8
1770711870.991000,45.172763,6.517107,2313.472607,335.0,2.519278,2.5,3.8
1770711874.991000,45.172847,6.517007,2312.159863,330.0,3.464382,2.5,3.8
1770711878.992000,45.172930,6.516900,2310.956982,296.0,3.359138,2.5,3.8
1770711882.991000,45.172951,6.516738,2310.427930,276.0,3.718168,2.5,3.8
1770711885.991000,45.172935,6.516580,2308.961621,246.0,4.321312,2.5,3.8
1770711888.990000,45.172945,6.516430,2307.934521,290.0,3.922752,2.5,3.8
1770711891.990000,45.172918,6.516280,2306.982861,241.0,4.032732,2.5,3.8
1770711894.991000,45.172940,6.516154,2306.249951,294.0,3.766129,2.5,3.8
1770711897.990000,45.172922,6.516007,2305.071240,247.0,3.833736,2.5,3.8
1770711900.991000,45.172947,6.515884,2304.014355,303.0,3.465431,2.5,3.8
1770711903.990000,45.172941,6.515750,2303.762158,263.0,3.251096,2.5,3.8
1770711907.991000,45.173001,6.515606,2302.741406,303.0,3.650082,2.5,3.8
1770711911.991000,45.173055,6.515472,2301.925977,320.0,3.118043,2.5,3.8
1770711914.991000,45.173120,6.515375,2300.794141,301.0,3.727109,2.5,3.8
1770711917.991000,45.173173,6.515265,2299.675244,331.0,3.363612,2.5,3.8
1770711921.991000,45.173255,6.515179,2298.319043,314.0,3.594567,2.5,3.8
1770711925.991000,45.173296,6.515041,2297.894482,293.0,2.716490,2.5,3.8
1770711929.991000,45.173352,6.514918,2296.335889,298.0,3.473150,2.5,3.8
1770711932.990000,45.173384,6.514782,2294.552197,300.0,4.065739,2.5,3.8
1770711936.992000,45.173401,6.514621,2293.222607,264.0,3.368830,2.5,3.8
1770711939.991000,45.173453,6.514495,2291.951367,317.0,3.536869,2.5,3.8
1770711943.991000,45.173478,6.514356,2290.939648,294.0,3.006853,2.5,3.8
1770711946.991000,45.173545,6.514254,2289.381055,319.0,3.669950,2.5,3.8
1770711949.990000,45.173585,6.514135,2288.103711,299.0,3.881248,2.5,3.8
1770711952.991000,45.173649,6.514024,2286.495068,309.0,3.884278,2.5,3.8
1770711955.990000,45.173738,6.513918,2285.294629,327.0,3.948128,2.5,3.8
1770711958.990000,45.173829,6.513880,2335.011321,339.3,16.939224,21.0,61.0
1770711962.990000,45.173950,6.513830,2401.300244,2.0,3.230000,13.7,3.8
1770711966.991000,45.174043,6.513770,2401.300244,342.0,2.560000,13.7,3.8
1770711970.990000,45.174150,6.513756,2401.300244,343.0,2.900000,13.7,3.8
1770711975.990000,45.174260,6.513745,2401.300244,9.0,2.600000,13.8,3.8
1770711979.991000,45.174359,6.513756,2401.300244,10.0,2.850000,13.8,3.8
1770711983.991000,45.174453,6.513774,2401.300244,4.0,2.600000,13.9,3.8
1770711987.990000,45.174550,6.513762,2401.300244,354.0,3.110000,13.9,3.8
1770711990.992000,45.174640,6.513738,2401.300244,349.0,3.370000,13.9,3.8
1770711994.990000,45.174732,6.513721,2401.300244,327.0,2.130000,14.0,3.8
1770712014.990000,45.174767,6.513717,2401.300244,337.0,0.000000,14.2,3.8
1770712014.990000,45.174767,6.513717,2401.300244,0.0,0.000000,21.0,61.0
1770712047.990000,45.174819,6.513657,2276.134473,318.0,1.980000,2.5,3.8
1770712054.992000,45.174888,6.513560,2274.953809,315.0,2.160000,2.5,3.8
1770712059.991000,45.174969,6.513452,2273.500195,343.0,2.510000,2.5,3.8
1770712063.991000,45.175035,6.513338,2272.322949,290.0,3.329492,2.5,3.8
1770712067.991000,45.175128,6.513243,2271.021436,327.0,3.201387,2.5,3.8
1770712071.991000,45.175222,6.513127,2269.224561,336.0,3.934711,2.5,3.8
1770712074.991000,45.175284,6.513001,2267.393994,304.0,4.648990,2.5,3.8
1770712078.992000,45.175345,6.512860,2266.555859,271.0,3.701521,2.5,3.8
1770712081.991000,45.175389,6.512725,2265.347607,300.0,3.574518,2.5,3.8
1770712084.991000,45.175370,6.512594,2263.926709,253.0,4.022414,2.5,3.8
1770712087.991000,45.175370,6.512455,2263.192090,262.0,3.456053,2.5,3.8
1770712091.991000,45.175341,6.512312,2262.266797,276.0,2.840205,2.5,3.8
1770712095.991000,45.175285,6.512193,2261.087109,228.0,2.976313,2.5,3.8
1770712099.992000,45.175317,6.512034,2260.130322,290.0,3.568948,2.5,3.8
1770712103.991000,45.175365,6.511888,2258.953564,312.0,3.151155,2.5,3.8
1770712107.991000,45.175429,6.511744,2257.531201,301.0,3.711819,2.5,3.8
1770712110.992000,45.175520,6.511680,2256.461621,338.0,3.454061,2.5,3.8
1770712113.992000,45.175592,6.511592,2255.166211,310.0,3.498521,2.5,3.8
1770712117.991000,45.175697,6.511511,2253.714062,331.0,3.888294,2.5,3.8
1770712120.992000,45.175762,6.511415,2253.037305,312.0,3.487031,2.5,3.8
1770712124.991000,45.175842,6.511308,2252.429883,304.0,2.745687,2.5,3.8
1770712129.991000,45.175906,6.511183,2251.756299,303.0,2.499596,2.5,3.8
1770712133.991000,45.175960,6.511058,2250.998486,309.0,3.055039,2.5,3.8
1770712138.992000,45.176024,6.510968,2250.007275,316.0,0.000000,2.5,3.8
1770712138.992000,45.176024,6.510968,2250.007275,0.0,0.000000,21.0,61.0
1770712148.991000,45.176117,6.510888,2248.781689,323.0,2.890000,2.5,3.8
1770712152.992000,45.176222,6.510860,2247.481152,358.0,3.390000,2.5,3.8
1770712156.991000,45.176338,6.510911,2245.364697,14.0,3.720000,2.5,3.8
1770712159.992000,45.176424,6.510952,2243.284131,4.0,3.478465,2.5,3.8
1770712163.991000,45.176533,6.510986,2241.201123,14.0,3.034388,2.5,3.8
1770712166.992000,45.176628,6.511020,2240.231641,22.0,3.468688,2.5,3.8
1770712168.992000,45.176692,6.511042,2239.700146,30.0,3.073234,2.5,4.8
1770712169.991000,45.176719,6.511047,2239.589307,32.0,2.250782,2.5,4.8
1770712176.992000,45.176798,6.511123,2238.345898,39.0,0.781415,2.5,3.8
1770712345.992000,45.176890,6.511123,2237.445264,332.0,2.014863,2.5,3.8
1770712350.992000,45.176911,6.510987,2236.936475,257.0,1.752793,2.5,3.8
1770712357.992000,45.176903,6.510854,2236.778027,254.0,2.561153,2.5,3.8
1770712363.991000,45.176996,6.510806,2235.281934,3.0,1.592822,2.5,3.8
1770712368.991000,45.177090,6.510790,2234.053662,347.0,2.684470,2.5,3.8
1770712374.992000,45.177167,6.510714,2232.867383,288.0,2.436572,2.5,3.8
1770712380.991000,45.177157,6.510573,2232.318555,269.0,1.403758,2.5,3.8
1770712385.992000,45.177241,6.510526,2230.600781,14.0,1.862985,2.5,3.8
1770712390.992000,45.177335,6.510533,2229.973828,351.0,2.108534,2.5,3.8
1770712395.991000,45.177346,6.510388,2228.418164,235.0,2.469631,2.5,3.8
1770712399.992000,45.177365,6.510258,2226.566846,327.0,3.752883,2.5,3.8
1770712403.991000,45.177466,6.510261,2225.644238,349.0,2.655072,2.5,3.8
1770712406.992000,45.177548,6.510182,2223.941602,308.0,4.517128,2.5,3.8
1770712409.991000,45.177654,6.510093,2222.153760,334.0,4.464203,2.5,3.8
1770712412.991000,45.177668,6.509923,2220.353223,264.0,5.213895,2.5,3.8
1770712414.992000,45.177629,6.509777,2218.749707,243.0,6.402196,2.5,3.8
1770712416.991000,45.177574,6.509627,2216.391309,245.0,7.034992,2.5,3.8
1770712418.992000,45.177632,6.509440,2212.837354,314.0,9.572188,2.5,3.8
1770712420.992000,45.177762,6.509363,2212.301709,353.0,7.824971,2.5,3.8
1770712422.991000,45.177862,6.509298,2211.994092,321.0,5.268112,2.5,3.8
1770712424.991000,45.177929,6.509182,2210.494092,295.0,6.193997,2.5,3.8
1770712427.991000,45.178004,6.509046,2209.242383,310.0,3.631790,2.5,3.8
1770712444.992000,45.178100,6.509018,1866.999951,33.0,0.000000,8.3,3.8
1770712444.992000,45.178100,6.509018,1866.999951,0.0,0.000000,21.0,61.0
1770712516.992000,45.178158,6.509115,2091.855285,49.7,3.126068,21.0,61.0
1770712520.992000,45.178164,6.509114,2104.347248,330.2,3.127092,21.0,61.0
1770712531.992000,45.178225,6.509004,2138.700146,332.0,3.060000,9.3,3.8
1770712535.992000,45.178320,6.508929,2138.700146,337.0,2.670000,9.4,3.8
1770712539.992000,45.178414,6.508898,2138.700146,339.0,2.890000,9.4,3.8
1770712543.992000,45.178514,6.508842,2138.700146,339.0,3.450000,9.5,3.8
1770712547.992000,45.178604,6.508780,2138.700146,342.0,2.070000,9.5,3.8
1770712551.992000,45.178681,6.508715,2138.700146,328.0,3.250000,9.5,4.1
1770712555.992000,45.178767,6.508599,2138.700146,291.0,4.680000,9.6,3.8
1770712558.992000,45.178857,6.508524,2138.700146,327.0,4.450000,9.6,3.8
1770712561.992000,45.178897,6.508366,2138.700146,309.0,5.100000,9.6,3.8
1770712564.992000,45.178988,6.508296,2138.700146,322.0,4.180000,9.7,3.8
1770712567.992000,45.179031,6.508168,2138.700146,293.0,4.120000,9.7,3.8
1770712570.992000,45.179104,6.508091,2138.700146,317.0,3.580000,9.7,4.4
1770712573.992000,45.179160,6.507969,2138.700146,295.0,3.780000,9.8,4.4
1770712576.992000,45.179193,6.507826,2138.700146,286.0,3.980000,9.8,3.8
1770712579.992000,45.179228,6.507703,2138.700146,305.0,3.100000,9.8,3.8
1770712583.992000,45.179274,6.507546,2138.700146,303.0,3.380000,9.9,3.8
1770712586.992000,45.179342,6.507435,2138.700146,313.0,3.880000,9.9,3.8
1770712589.992000,45.179415,6.507358,2138.700146,324.0,3.140000,9.9,5.0
1770712592.992000,45.179494,6.507297,2138.700146,332.0,3.660000,9.9,4.8
1770712595.992000,45.179592,6.507238,2138.700146,339.0,4.210000,10.0,3.8
1770712598.992000,45.179705,6.507172,2138.700146,337.0,4.710000,10.0,3.8
1770712601.992000,45.179806,6.507104,2138.700146,345.0,3.600000,10.0,3.8
1770712604.992000,45.179892,6.507063,2138.700146,344.0,3.530000,10.1,3.8
1770712607.992000,45.179991,6.507033,2138.700146,351.0,3.640000,10.1,3.8
1770712610.992000,45.180092,6.507024,2138.700146,349.0,3.520000,10.1,5.4
1770712613.992000,45.180195,6.507003,2174.849316,350.0,4.794543,2.5,5.4
1770712617.992000,45.180282,6.506970,2174.718213,325.0,3.422904,2.5,3.8
1770712628.992000,45.180361,6.506903,2174.177441,331.0,3.206271,2.5,3.8
1770712640.992000,45.180428,6.506808,2174.083936,319.0,3.105800,2.5,3.8
1770712688.992000,45.180482,6.506697,2174.581250,285.0,0.830377,2.5,3.8
1770712700.992000,45.180524,6.506569,2173.331982,301.0,1.430642,2.5,3.8
1770712710.992000,45.180569,6.506454,2172.457227,298.0,0.841635,2.5,3.8
1770712724.992000,45.180619,6.506340,2171.047559,296.0,1.801589,2.5,3.8
1770712729.992000,45.180656,6.506206,2138.700146,279.0,3.779151,15.0,3.8
1770712761.992000,45.180570,6.506149,2138.700146,167.0,1.772673,15.3,3.8
1770712767.992000,45.180496,6.506055,2138.700146,229.0,5.177455,15.4,3.8
1770712771.992000,45.180394,6.506039,2138.700146,201.0,2.969173,15.4,3.8
1770712774.992000,45.180386,6.505909,2138.700146,273.0,3.800000,15.5,3.8
1770712777.992000,45.180298,6.505856,2138.700146,161.0,3.120000,15.5,3.8
1770712781.992000,45.180235,6.505765,2138.700146,273.0,3.680000,15.5,3.8
1770712785.992000,45.180124,6.505730,2138.700146,193.0,3.870000,15.6,3.8
1770712790.992000,45.180078,6.505617,2138.700146,162.0,1.750000,15.6,3.8
1770712947.992000,45.179985,6.505603,2144.347852,239.0,1.360030,2.5,3.8
1770712955.992000,45.179953,6.505483,2144.218457,254.0,0.810105,2.5,3.8
1770712964.993000,45.179855,6.505459,2143.620068,192.0,1.650267,2.5,3.8
1770712969.992000,45.179861,6.505328,2142.258496,298.0,2.322058,2.5,3.8
1770712975.993000,45.179890,6.505193,2141.152539,240.0,1.834960,2.5,3.8
1770712989.992000,45.179803,6.505155,2138.269971,206.0,0.325761,2.5,3.8
1770713006.993000,45.179708,6.505186,2136.699658,181.0,2.237972,2.5,3.8
1770713010.993000,45.179600,6.505139,2134.633008,226.0,4.137548,2.5,3.8
1770713013.993000,45.179565,6.505008,2132.486768,241.0,3.689888,2.5,3.8
1770713027.992000,45.179475,6.504975,2129.643750,181.0,1.596350,2.5,3.8
1770713176.993000,45.179376,6.505023,2126.786572,169.0,2.407612,2.5,3.8
1770713180.992000,45.179270,6.504964,2123.179639,215.0,3.450785,2.5,3.8
1770713224.993000,45.179230,6.504820,2121.356885,278.0,2.130028,2.5,3.8
1770713229.992000,45.179172,6.504704,2118.039746,167.0,2.829358,2.5,3.8
1770713234.993000,45.179076,6.504735,2115.986523,212.0,3.734220,2.5,3.8
1770713237.993000,45.178987,6.504662,2112.479688,210.0,4.893443,2.5,3.8
1770713245.993000,45.178884,6.504587,2108.629102,212.0,4.491937,2.5,3.8
1770713255.993000,45.178858,6.504455,2106.137646,254.0,0.938669,2.5,3.8
1770713272.992000,45.178769,6.504422,2103.717725,169.0,0.624621,2.5,3.8
1770713280.993000,45.178740,6.504276,2102.064160,278.0,3.779647,2.5,3.8
1770713288.993000,45.178676,6.504174,2098.867139,198.0,1.108434,2.5,3.8
1770713294.992000,45.178578,6.504087,2095.553906,213.0,2.640110,2.5,3.8
1770713310.992000,45.178473,6.504087,2092.627148,156.0,2.215531,2.5,3.8
1770713466.993000,45.178429,6.503957,2089.317090,209.0,2.993982,2.5,3.8
1770713544.992000,45.178339,6.503942,2087.790967,181.0,0.871858,2.5,3.8
1770713554.993000,45.178252,6.503890,2085.263867,196.0,2.123343,2.5,3.8
1770713800.994000,45.178156,6.503859,2079.959912,199.0,1.701823,2.5,3.8
1770713817.994000,45.178064,6.503819,2077.417920,196.0,0.679106,2.5,3.8
1770713857.994000,45.177971,6.503820,2075.004346,217.0,1.027155,2.5,3.8
1770713864.993000,45.177886,6.503751,2071.634229,177.0,2.027848,2.5,3.8
1770713876.994000,45.177788,6.503746,2067.827344,230.0,1.629625,2.5,3.8
1770713903.994000,45.177702,6.503679,2065.247998,218.0,0.892499,2.5,3.8
1770713912.994000,45.177622,6.503605,2063.392773,205.0,1.328789,2.5,3.8
1770713917.993000,45.177538,6.503553,2061.507275,183.0,4.247306,2.5,3.8
1770713920.994000,45.177451,6.503606,2059.212109,171.0,2.932296,2.5,3.8
1770714050.993000,45.177361,6.503592,2059.305127,188.0,0.000000,2.5,3.8
1770714050.993000,45.177361,6.503592,2059.305127,0.0,0.000000,21.0,61.0
1770714056.994000,45.177266,6.503600,2057.853467,142.0,1.310000,2.5,3.8
1770714069.994000,45.177176,6.503603,2056.139111,210.0,0.750000,2.5,3.8
1770714077.994000,45.177089,6.503570,2054.560498,175.0,1.290000,2.5,3.8
1770714087.994000,45.176996,6.503618,2051.944775,163.0,1.245664,2.5,3.8
1770714098.993000,45.176916,6.503536,2050.172803,205.0,1.214633,2.5,3.8
1770714104.994000,45.176813,6.503523,2048.002393,182.0,2.651383,2.5,3.8
1770714138.994000,45.176726,6.503571,2045.968457,146.0,0.963400,2.5,3.8
1770714143.994000,45.176633,6.503587,2044.694531,134.0,2.628350,2.5,3.8
1770714147.993000,45.176519,6.503553,2042.061475,200.0,3.754856,2.5,3.8
1770714150.994000,45.176440,6.503624,2040.080762,146.0,4.916979,2.5,3.8
1770714152.993000,45.176353,6.503696,2038.784375,152.0,6.085402,2.5,3.8
1770714154.994000,45.176268,6.503775,2038.105176,144.0,5.530141,2.5,3.8
1770714156.994000,45.176196,6.503858,2037.402051,140.0,4.875693,2.5,3.8
1770714159.994000,45.176108,6.503952,2036.341260,145.0,3.922903,2.5,3.8
1770714162.993000,45.176021,6.504033,2035.635693,145.0,3.893171,2.5,3.8
1770714165.994000,45.175935,6.504127,2034.854443,142.0,4.051137,2.5,3.8
1770714168.994000,45.175848,6.504219,2034.109814,143.0,3.929589,2.5,3.8
1770714171.993000,45.175771,6.504307,2033.672559,147.0,3.816486,2.5,3.8
1770714174.994000,45.175686,6.504350,2033.353223,162.0,2.806452,2.5,3.8
1770714178.994000,45.175575,6.504374,2032.328320,166.0,3.535065,2.5,3.8
1770714181.994000,45.175471,6.504398,2031.464795,173.0,3.835170,2.5,3.8
1770714184.994000,45.175378,6.504403,2030.727246,179.0,3.138011,2.5,5.8
1770714188.993000,45.175264,6.504384,2030.490918,200.0,3.077329,2.5,3.8
1770714192.996000,45.175170,6.504293,2030.351758,187.0,3.083993,2.5,3.8
1770714196.994000,45.175052,6.504302,2029.417188,168.0,3.183230,2.5,3.8
1770714199.993000,45.174968,6.504363,2029.024121,160.0,2.972213,2.5,3.8
1770714203.994000,45.174865,6.504441,2028.045117,151.0,3.383836,2.5,4.1
1770714207.994000,45.174761,6.504525,2027.271680,150.0,3.375972,2.5,4.1
1770714211.993000,45.174670,6.504594,2026.684277,153.0,2.526349,2.5,3.8
1770714216.993000,45.174580,6.504655,2026.128125,152.0,2.326519,2.5,3.8
1770714221.994000,45.174489,6.504695,2025.557812,182.0,0.000000,2.5,3.8
1770714221.994000,45.174489,6.504695,2025.557812,0.0,0.000000,21.0,61.0
1770714241.994000,45.174396,6.504711,1834.899976,172.0,0.680000,13.7,3.8
1770714250.994000,45.174297,6.504714,2023.562695,185.0,1.370000,2.5,3.8
1770714257.994000,45.174206,6.504724,2023.356152,153.0,1.050000,2.5,3.8
1770714286.993000,45.174119,6.504772,2022.815381,176.0,7.081832,2.5,3.8
1770714294.996000,45.174021,6.504790,2022.546826,181.0,5.457219,2.5,3.8
1770714300.996000,45.173931,6.504777,2021.747998,179.0,1.750824,2.5,3.8
1770714306.994000,45.173819,6.504770,2020.099805,171.0,2.582563,2.5,3.8
1770714312.993000,45.173718,6.504781,2018.497021,175.0,1.331836,2.5,3.8
1770714319.994000,45.173624,6.504803,2016.802441,169.0,0.967560,2.5,3.8
1770714326.994000,45.173546,6.504719,2015.672314,217.0,2.013919,2.5,3.8
1770714333.994000,45.173449,6.504708,2014.602490,184.0,1.801800,2.5,3.8
1770714338.993000,45.173357,6.504700,1847.100049,189.0,8.605684,9.3,3.8
1770714349.993000,45.173267,6.504683,2011.806104,184.0,12.212467,2.5,3.8
1770714362.994000,45.173258,6.504676,2011.609814,-1.0,0.000000,2.5,3.8
1770714394.994000,45.173166,6.504629,2010.328809,199.0,2.790000,2.5,3.8
1770714397.994000,45.173080,6.504557,2008.721875,203.0,3.785126,2.5,3.8
1770714400.994000,45.172997,6.504492,2006.853711,198.0,3.722383,2.5,3.8
1770714402.994000,45.172881,6.504475,2003.933789,202.0,5.967125,2.5,3.8
1770714404.994000,45.172806,6.504392,2001.081006,221.0,4.670769,2.5,3.8
1770714406.993000,45.172747,6.504272,1997.906934,237.0,6.437371,2.5,3.8
1770714408.993000,45.172734,6.504122,1995.764355,266.0,6.060695,2.5,3.8
1770714410.994000,45.172674,6.503988,1993.556348,223.0,6.441967,2.5,3.8
1770714412.993000,45.172621,6.503867,1992.280469,228.0,4.846530,2.5,3.8
1770714425.994000,45.172556,6.503972,1988.211621,109.0,4.203288,2.5,3.8
1770714430.993000,45.172507,6.504079,1988.592480,122.0,0.751456,2.5,3.8
1770714450.994000,45.172444,6.504176,1988.102246,119.0,0.673468,2.5,3.8
1770714485.993000,45.172453,6.504304,1988.810498,107.0,0.995925,2.5,3.8
1770714772.996000,45.172402,6.504199,1988.739453,-1.0,0.000000,2.5,9.9
1770714785.994000,45.172426,6.504075,1988.461865,277.0,1.710000,2.5,9.9
1770714824.996000,45.172347,6.504005,1985.401562,217.0,1.430389,2.5,3.8
1770714829.996000,45.172288,6.503886,1982.951367,241.0,3.143464,2.5,3.8
1770714833.996000,45.172247,6.503747,1980.574414,210.0,2.746003,2.5,3.8
1770714837.994000,45.172192,6.503642,1978.362500,225.0,0.821000,2.5,3.8
1770714858.996000,45.172131,6.503514,1975.722119,224.0,2.765360,2.5,3.8
1770714862.996000,45.172131,6.503383,1970.908154,271.0,5.018344,2.5,3.8
1770714865.996000,45.172048,6.503285,1968.120801,184.0,2.828721,2.5,3.8
1770714869.994000,45.171960,6.503232,1966.599316,201.0,2.944849,2.5,3.8
1770714874.996000,45.171872,6.503187,1965.998730,201.0,2.058123,2.5,3.8
1770714882.994000,45.171846,6.503063,1964.277295,303.0,0.702868,2.5,3.8
1770714916.994000,45.171892,6.502929,1961.573682,321.0,2.777128,2.5,3.8
1770714921.996000,45.171985,6.502896,1960.254102,1.0,1.638806,2.5,3.8
1770714926.996000,45.172094,6.502761,1955.820508,290.0,5.761341,2.5,3.8
1770714928.996000,45.172164,6.502655,1952.972363,331.0,4.479416,2.5,3.8
1770714930.994000,45.172235,6.502557,1950.816357,305.0,6.722346,2.5,3.8
1770714932.996000,45.172313,6.502459,1948.018262,338.0,4.242337,2.5,3.8
1770715001.996000,45.172319,6.502322,1944.921094,248.0,0.000000,2.5,3.8
1770715001.996000,45.172319,6.502322,1944.921094,0.0,0.000000,21.0,61.0
1770715006.996000,45.172396,6.502251,1942.951367,359.0,0.900000,2.5,3.8
1770715007.994000,45.172414,6.502248,1942.605176,345.0,2.590000,2.5,3.8
1770715009.996000,45.172482,6.502203,1940.487988,324.0,5.630000,2.5,3.8
1770715012.996000,45.172559,6.502074,1939.780957,292.0,0.546699,2.5,3.8
1770715012.996000,45.172559,6.502074,1939.780957,0.0,0.000000,21.0,61.0
1770715017.996000,45.172591,6.501929,1938.351270,302.0,3.040000,2.5,3.8
1770715020.996000,45.172650,6.501785,1936.201367,284.0,5.510000,2.5,3.8
1770715023.994000,45.172610,6.501655,1933.284863,224.0,3.280000,2.5,3.8
1770715028.994000,45.172519,6.501651,1931.985059,164.0,1.015207,2.5,3.8
1770715036.996000,45.172500,6.501515,1929.576367,296.0,2.709064,2.5,3.8
1770715040.996000,45.172466,6.501396,1927.398145,196.0,2.085754,2.5,3.8
1770715407.994000,45.172447,6.501272,1926.068066,245.0,1.192681,2.5,6.9
1770715417.996000,45.172412,6.501144,1865.499951,250.0,2.113802,8.3,3.8
1770715433.994000,45.172484,6.501058,1783.499951,341.0,3.284678,11.0,3.8
1770715440.994000,45.172578,6.501024,1779.800000,293.0,4.030903,18.5,3.8
1770715454.994000,45.172556,6.500889,1783.499951,241.0,3.185792,13.6,3.8
1770715471.994000,45.172599,6.500765,1783.499951,342.0,2.306985,18.6,3.8
1770715484.996000,45.172692,6.500761,1865.499951,335.0,2.067327,5.0,3.8
1770715490.994000,45.172698,6.500607,1865.499951,270.0,3.203300,5.1,3.8
1770715496.994000,45.172786,6.500540,1782.600049,291.0,5.930344,16.6,3.8
1770715515.996000,45.172800,6.500414,1782.600049,314.0,5.075262,10.3,3.8
1770715529.994000,45.172896,6.500386,1865.499951,349.0,5.110817,3.6,3.8
1770715546.996000,45.172984,6.500349,1865.499951,342.0,5.058029,5.3,3.8
1770715554.996000,45.173064,6.500286,1865.499951,268.0,2.585823,8.0,3.8
1770715561.996000,45.173143,6.500179,1865.499951,288.0,4.078245,2.2,3.8
1770715565.994000,45.173060,6.500088,1865.499951,223.0,1.960000,2.3,3.8
1770715570.996000,45.173151,6.500023,1865.499951,345.0,2.280000,3.8,3.8
1770715574.994000,45.173129,6.499887,1865.499951,234.0,3.520000,3.9,3.8
1770715578.994000,45.173120,6.499755,1865.499951,327.0,2.140000,3.9,3.8
1770715689.996000,45.173216,6.499714,1865.499951,334.0,1.290000,3.9,3.8
1770715695.997000,45.173164,6.499576,1867.100049,275.0,3.630612,2.8,3.8
1770715701.996000,45.173177,6.499441,1867.100049,223.0,3.570622,2.8,3.8
1770715707.996000,45.173257,6.499368,1867.100049,340.0,1.431553,2.9,3.8
1770715715.996000,45.173267,6.499220,1865.499951,281.0,3.651864,4.4,3.8
1770715719.996000,45.173341,6.499122,1865.499951,278.0,3.160396,4.4,3.8
1770715723.996000,45.173355,6.498985,1865.499951,331.0,2.800447,4.5,3.8
1770715730.996000,45.173370,6.498840,1869.999951,290.0,1.971295,3.9,4.9
1770715817.996000,45.173428,6.498740,1865.499951,237.0,2.196873,6.0,3.8
1770715822.996000,45.173481,6.498620,1866.999951,276.0,2.930567,2.2,3.8
1770715828.996000,45.173528,6.498501,1866.999951,332.0,3.139861,2.3,3.8
1770715833.996000,45.173552,6.498377,1866.999951,335.0,1.951982,2.3,3.8
1770715838.996000,45.173634,6.498296,1866.672803,302.0,2.131958,2.5,3.8
1770715865.996000,45.173596,6.498175,1861.499951,223.0,0.683029,5.2,3.8
1770715886.996000,45.173600,6.498044,1853.700024,260.0,2.195628,17.8,3.8
1770715899.997000,45.173608,6.497913,1860.634961,266.0,0.739439,2.5,3.8
1770716023.996000,45.173695,6.497840,1858.437695,337.0,1.920308,2.5,3.8
1770716027.996000,45.173788,6.497780,1857.428418,331.0,3.223410,2.5,3.8
1770716030.996000,45.173872,6.497725,1856.734570,343.0,3.569386,2.5,3.8
1770716034.996000,45.173963,6.497668,1856.201855,317.0,1.369219,2.5,3.8
1770716100.996000,45.173874,6.497631,1853.700024,180.0,1.847265,3.3,3.8
1770716105.996000,45.173784,6.497592,1853.700024,202.0,2.182320,3.3,3.8
1770716110.996000,45.173694,6.497521,1853.700024,215.0,2.980307,3.4,3.8
1770716113.996000,45.173610,6.497466,1853.700024,206.0,3.170014,3.4,3.8
1770716117.996000,45.173525,6.497404,1853.700024,224.0,1.390000,3.4,3.8
1770716293.996000,45.173513,6.497266,1852.399976,312.0,2.230001,2.1,3.8
1770716300.996000,45.173602,6.497248,1851.700024,326.0,1.770204,3.3,3.8
1770716307.996000,45.173556,6.497108,1851.700024,228.0,3.380107,3.3,3.8
1770716315.996000,45.173634,6.497036,1855.100049,340.0,1.167611,6.0,3.8
1770716334.996000,45.173628,6.496897,1849.200024,220.0,1.158979,3.6,3.8
1770716343.996000,45.173588,6.496761,1845.399976,227.0,2.367757,14.1,3.8
1770716350.996000,45.173670,6.496685,1845.399976,343.0,1.439401,14.2,3.8
1770716360.996000,45.173646,6.496558,1845.399976,287.0,2.157790,4.3,3.8
1770716370.996000,45.173733,6.496521,1851.300000,315.0,1.787998,8.6,3.8
1770716377.996000,45.173751,6.496390,1843.100049,308.0,2.686338,1.9,3.8
1770716384.996000,45.173727,6.496262,1843.100049,323.0,2.568037,2.0,3.8
1770716392.996000,45.173822,6.496262,1831.045850,348.0,1.638283,2.5,3.8
1770716399.996000,45.173914,6.496249,1783.200024,355.0,2.672985,2.4,3.8
1770716406.996000,45.173890,6.496124,1783.200024,214.0,2.580620,2.4,3.8
1770716423.996000,45.173974,6.496055,1782.999951,1.0,2.718286,1.2,3.8
1770716430.996000,45.173982,6.495922,1823.293164,283.0,3.936613,2.5,3.8
1770716435.996000,45.174051,6.495834,1821.648389,239.0,3.231990,2.5,3.8
1770716450.996000,45.173983,6.495739,1820.364941,217.0,1.981546,2.5,3.8
1770716458.996000,45.173906,6.495660,1825.399976,215.0,1.928253,10.4,3.8
1770716467.996000,45.173955,6.495534,1821.399976,244.0,3.310974,11.8,3.8
1770716474.996000,45.173997,6.495416,1821.399976,340.0,3.004016,11.9,3.8
1770716478.996000,45.173950,6.495295,1821.399976,203.0,1.711189,11.9,3.8
1770716484.996000,45.173854,6.495224,1815.200024,209.0,2.102710,10.9,4.0
1770716490.996000,45.173900,6.495112,1815.200024,342.0,3.978396,11.0,3.8
1770716497.996000,45.173917,6.494986,1815.200024,203.0,1.482678,11.0,3.8
1770716503.996000,45.173872,6.494868,1812.399976,302.0,3.728904,11.0,3.8
1770716508.996000,45.173922,6.494740,1812.399976,259.0,2.013383,11.1,3.8
1770716514.997000,45.173842,6.494650,1812.399976,222.0,1.723952,11.1,3.8
1770716523.996000,45.173837,6.494508,1783.399976,305.0,3.043134,1.9,4.0
1770716528.996000,45.173912,6.494400,1783.399976,324.0,3.222338,1.9,3.8
1770716533.996000,45.173916,6.494269,1783.399976,323.0,2.971307,2.0,3.8
1770716542.996000,45.173950,6.494137,1785.499951,248.0,1.827172,1.1,3.8
1770716593.997000,45.174026,6.494054,1785.600049,335.0,2.480698,4.8,3.8
1770716597.997000,45.174125,6.493995,1785.800000,337.0,3.110818,1.1,3.8
1770716602.997000,45.174219,6.493923,1785.800000,354.0,2.181166,1.0,3.8
1770716607.996000,45.174324,6.493899,1785.800000,0.0,2.120040,1.1,3.8
1770716612.999000,45.174410,6.493955,1785.800000,33.0,1.260062,1.1,3.8
1770716625.996000,45.174420,6.494088,1785.399976,80.0,1.340022,5.1,3.8
1770716634.996000,45.174432,6.494227,1785.800000,77.0,1.910093,6.0,3.8
1770716646.996000,45.174452,6.494354,1785.399976,82.0,0.650566,1.0,3.8
1770716769.996000,45.174476,6.494477,1784.600049,-1.0,0.000000,1.1,3.8
1770716964.996000,45.174499,6.494606,1784.600049,89.0,0.740000,1.0,3.8
1770716977.996000,45.174533,6.494730,1784.600049,72.0,3.140001,1.1,3.8
1770716983.997000,45.174562,6.494856,1784.600049,74.0,2.510000,1.1,3.8
1770716990.996000,45.174590,6.495005,1784.600049,73.0,2.460000,1.2,3.8
1770716997.996000,45.174626,6.495144,1784.600049,71.0,2.120000,3.3,3.8
1770717003.997000,45.174656,6.495265,1784.600049,72.0,1.040000,3.4,3.8
1770717009.997000,45.174687,6.495399,1784.600049,72.0,1.870000,3.5,3.8
1770717016.997000,45.174720,6.495531,1785.800000,71.0,1.840499,6.0,3.8
1770717023.996000,45.174754,6.495664,1854.999951,69.0,2.980502,16.4,3.8
1770717029.996000,45.174779,6.495796,1852.399976,74.0,3.372589,2.1,3.8
1770717035.997000,45.174812,6.495923,1852.399976,72.0,3.186857,4.4,3.8
1770717041.996000,45.174844,6.496053,1852.399976,72.0,3.025455,6.4,3.8
1770717047.997000,45.174876,6.496177,1852.399976,72.0,1.733389,6.4,3.8
1770717053.996000,45.174905,6.496306,1854.999951,72.0,1.743370,10.6,3.8
1770717059.997000,45.174928,6.496434,1854.999951,71.0,1.683490,10.6,3.8
1770717065.997000,45.174954,6.496556,1854.999951,71.0,1.693470,10.7,3.8
1770717071.997000,45.174987,6.496680,1854.373242,74.0,1.805015,2.5,5.3
1770717077.996000,45.175020,6.496814,1856.715039,72.0,1.475196,2.5,3.8
1770717087.996000,45.175048,6.496940,1859.533887,70.0,0.910936,2.5,3.8
1770717099.997000,45.175074,6.497062,1862.381055,77.0,0.886992,2.5,3.8
1770717110.996000,45.175102,6.497201,1865.615430,74.0,1.402653,2.5,3.8
1770717117.997000,45.175131,6.497336,1845.399976,72.0,1.628358,9.3,3.8
1770717125.997000,45.175159,6.497470,1845.399976,72.0,1.640280,9.3,3.8
1770717133.996000,45.175189,6.497603,1877.359082,71.0,2.227486,2.5,3.8
1770717140.997000,45.175218,6.497727,1879.776074,71.0,2.433571,2.5,3.8
1770717146.996000,45.175248,6.497858,1882.104688,72.0,2.187051,2.5,3.8
1770717152.997000,45.175281,6.497987,1845.399976,73.0,3.243390,11.1,3.8
1770717158.997000,45.175311,6.498117,1845.399976,73.0,2.462806,11.1,3.8
1770717164.996000,45.175340,6.498250,1892.385938,71.0,3.988630,2.5,3.8
1770717170.997000,45.175369,6.498380,1896.056104,71.0,4.038897,2.5,3.8
1770717176.997000,45.175398,6.498510,1900.427197,73.0,2.872493,2.5,3.8
1770717182.997000,45.175427,6.498643,1903.996289,74.0,3.106261,2.5,3.8
1770717188.996000,45.175457,6.498772,1907.099805,70.0,1.939448,2.5,6.2
1770717194.996000,45.175489,6.498902,1910.153760,72.0,1.893427,2.5,9.9
1770717200.997000,45.175521,6.499033,1913.353711,73.0,1.888437,2.5,9.9
1770717206.997000,45.175552,6.499156,1916.805859,70.0,1.858297,2.5,9.9
1770717212.997000,45.175580,6.499286,1920.710645,71.0,1.858628,2.5,9.9
1770717218.996000,45.175610,6.499418,1924.748730,73.0,1.852653,2.5,9.9
1770717224.997000,45.175641,6.499545,1928.939648,71.0,1.866611,2.5,9.9
1770717230.996000,45.175672,6.499674,1932.263379,70.0,1.892946,2.5,9.9
1770717236.996000,45.175701,6.499808,1935.838574,73.0,1.897747,2.5,5.0
1770717242.996000,45.175733,6.499941,1938.885938,73.0,1.893931,2.5,3.8
1770717248.996000,45.175762,6.500070,1942.735547,71.0,1.880041,2.5,3.8
1770717254.996000,45.175792,6.500200,1946.443066,72.0,1.856521,2.5,3.8
1770717311.997000,45.175820,6.500324,1947.069531,76.0,1.112686,2.5,3.8
1770717318.996000,45.175848,6.500456,1947.679883,68.0,2.522937,3.2,3.8
1770717322.996000,45.175844,6.500598,1946.157422,112.0,2.157493,2.5,3.8
1770717379.996000,45.175847,6.500740,1945.559033,93.0,0.000000,2.5,3.8
1770717379.996000,45.175847,6.500740,1945.559033,0.0,0.000000,21.0,61.0
1770717384.999000,45.175806,6.500860,1945.233105,123.0,2.340000,2.5,3.8
1770717388.997000,45.175739,6.500959,1945.209912,137.0,2.620000,2.5,3.8
1770717397.996000,45.175671,6.501045,1945.707471,137.0,0.240000,2.5,3.8
1770717428.997000,45.175597,6.501132,1945.733594,146.0,0.610349,2.5,3.8
1770717438.996000,45.175504,6.501190,1945.336865,158.0,1.750184,2.5,3.8
1770717444.996000,45.175413,6.501242,1944.528027,160.0,2.360704,2.5,3.8
1770717448.996000,45.175291,6.501258,1943.840527,174.0,4.050930,2.5,3.8
1770717451.996000,45.175174,6.501326,1942.571973,152.0,4.943742,2.5,3.8
1770717453.997000,45.175088,6.501400,1941.314648,148.0,5.799943,2.5,3.8
1770717455.997000,45.174980,6.501465,1939.610547,158.0,6.710084,2.5,3.8
1770717457.996000,45.174859,6.501523,1937.803906,162.0,7.403334,2.5,3.8
1770717459.996000,45.174726,6.501542,1936.763379,176.0,7.296221,2.5,3.8
1770717468.996000,45.174702,6.501552,1937.176953,-1.0,0.000000,2.5,3.8
1770717483.997000,45.174610,6.501543,1935.718457,185.0,5.170000,2.5,3.8
1770717485.997000,45.174522,6.501503,1934.927930,214.0,5.512923,2.5,3.8
1770717488.997000,45.174410,6.501385,1933.484570,209.0,5.885522,2.5,3.8
1770717490.997000,45.174302,6.501326,1931.643750,194.0,7.015996,2.5,3.8
1770717492.997000,45.174174,6.501310,1929.893750,177.0,7.300620,2.5,3.8
1770717494.996000,45.174035,6.501311,1927.911816,182.0,7.922240,2.5,3.8
1770717496.997000,45.173891,6.501250,1926.075635,199.0,8.460839,2.5,3.8
1770717498.997000,45.173749,6.501186,1924.804883,199.0,8.025659,2.5,3.8
1770717500.997000,45.173664,6.501082,1923.983105,216.0,5.965927,2.5,3.8
1770717503.996000,45.173564,6.501089,1922.751660,163.0,2.881804,2.5,3.8
1770717538.997000,45.173469,6.501068,1922.243848,158.0,2.418142,2.5,3.8
1770717543.997000,45.173356,6.501072,1920.179883,198.0,2.906815,2.5,3.8
1770717547.996000,45.173248,6.501012,1918.757031,205.0,3.283590,2.5,3.8
1770717553.997000,45.173187,6.500908,1917.210645,274.0,0.850766,2.5,3.8
1770717570.999000,45.173149,6.500769,1785.800000,224.0,4.281761,13.6,3.8
1770717588.997000,45.173082,6.500644,1865.499951,238.0,5.657064,8.3,3.8
1770717593.999000,45.173022,6.500534,1865.499951,208.0,3.510412,8.3,3.8
1770717599.999000,45.172936,6.500490,1865.499951,195.0,3.346288,8.4,3.8
1770717608.997000,45.172865,6.500378,1864.899976,233.0,2.479291,7.2,3.8
1770717612.999000,45.172796,6.500284,1864.899976,220.0,2.680052,7.2,3.8
1770717623.999000,45.172842,6.500171,1865.499951,336.0,1.250367,7.7,3.8
1770717632.999000,45.172926,6.500114,1865.499951,309.0,0.890516,7.8,3.8
1770717638.999000,45.172872,6.499998,1865.499951,265.0,3.360028,2.1,3.8
1770717643.999000,45.172959,6.499956,1865.499951,347.0,1.640057,2.2,3.8
1770717651.999000,45.172946,6.499813,1865.499951,254.0,3.140000,2.3,3.8
1770717656.999000,45.173030,6.499747,1865.499951,347.0,1.920000,4.9,3.8
1770717711.997000,45.173114,6.499690,1865.499951,304.0,0.570000,5.5,3.8
1770717720.997000,45.173111,6.499546,1865.499951,308.0,3.170000,2.2,3.8
1770717724.999000,45.173104,6.499382,1865.499951,234.0,4.080000,2.3,3.8
1770717727.999000,45.173151,6.499268,1867.100049,331.0,3.532517,4.4,3.8
1770717731.997000,45.173245,6.499256,1867.100049,354.0,2.643365,4.4,3.8
1770717735.997000,45.173350,6.499231,1867.100049,348.0,2.633378,4.4,3.8
1770717740.997000,45.173399,6.499063,1867.100049,270.0,5.051760,4.5,3.8
1770717743.997000,45.173380,6.498913,1867.100049,287.0,4.960000,4.5,3.8
1770717746.999000,45.173452,6.498768,1866.999951,271.0,5.330007,3.8,5.8
1770717749.997000,45.173476,6.498624,1866.999951,327.0,4.030009,3.9,3.8
1770717752.999000,45.173539,6.498520,1869.999951,268.0,3.838691,6.5,3.8
1770717757.000000,45.173587,6.498408,1869.999951,328.0,2.284634,6.5,3.8
1770717761.999000,45.173588,6.498280,1869.999951,220.0,2.035391,6.6,3.8
1770717766.997000,45.173636,6.498154,1860.600049,325.0,2.400526,6.4,3.8
1770717773.999000,45.173629,6.498021,1860.600049,223.0,1.860396,6.5,3.8
1770717778.999000,45.173684,6.497896,1860.600049,319.0,3.303630,6.5,3.8
1770717783.000000,45.173660,6.497759,1853.700024,235.0,3.132473,2.6,3.8
1770717786.999000,45.173729,6.497655,1853.700024,335.0,3.129838,2.6,3.8
1770717794.997000,45.173727,6.497523,1853.700024,243.0,1.209456,2.7,3.8
1770717800.997000,45.173684,6.497411,1854.999951,312.0,2.048322,3.6,3.8
1770717805.999000,45.173679,6.497280,1851.800000,215.0,2.598834,4.6,3.8
1770717810.997000,45.173596,6.497199,1851.800000,221.0,2.588868,4.7,3.8
1770717816.997000,45.173660,6.497089,1851.800000,326.0,3.716172,4.7,3.8
1770717822.999000,45.173610,6.496975,1843.200024,268.0,2.818045,2.3,3.8
1770717828.997000,45.173596,6.496842,1843.200024,205.0,2.100766,2.4,3.8
1770717834.999000,45.173628,6.496680,1843.200024,276.0,4.504266,2.4,3.8
1770717839.999000,45.173554,6.496565,1843.200024,234.0,2.604749,2.5,3.8
1770717843.999000,45.173509,6.496446,1842.999951,240.0,1.860042,1.8,3.8
1770717851.997000,45.173575,6.496299,1842.100049,317.0,4.070203,1.9,3.8
1770717858.997000,45.173673,6.496289,1842.100049,330.0,1.420581,2.0,3.8
1770717865.000000,45.173770,6.496283,1831.639355,356.0,1.678970,2.5,3.8
1770717876.999000,45.173796,6.496139,1840.800000,318.0,2.924217,4.0,3.8
1770717885.999000,45.173886,6.496123,1828.177441,357.0,1.524366,2.5,3.8
1770717894.999000,45.173937,6.496014,1853.600049,347.0,3.005604,2.2,3.8
1770717901.997000,45.174039,6.496004,1783.200024,302.0,4.756663,2.8,3.8
1770717908.999000,45.174003,6.495880,1822.570264,301.0,5.677001,2.5,3.8
1770717928.999000,45.173979,6.495750,1820.023389,215.0,4.689895,2.5,3.8
1770717954.997000,45.174048,6.495660,1818.709180,264.0,4.859894,2.5,3.8
1770717961.999000,45.173974,6.495586,1821.100049,223.0,1.795190,12.4,3.8
1770717985.997000,45.174023,6.495457,1783.700024,244.0,3.054494,1.5,3.8
1770717995.997000,45.173941,6.495393,1821.100049,213.0,1.705122,11.5,3.8
1770718016.997000,45.174014,6.495313,1782.999951,288.0,1.951725,1.4,3.8
1770718021.999000,45.173960,6.495202,1784.499951,208.0,2.770884,12.0,3.8
1770718026.999000,45.173880,6.495143,1784.499951,203.0,2.228084,12.1,3.8
1770718034.999000,45.173965,6.495081,1784.499951,356.0,1.866402,12.1,3.8
1770718049.997000,45.173946,6.494939,1812.300000,222.0,1.926743,9.0,3.8
1770718054.999000,45.173869,6.494865,1812.300000,213.0,1.936269,9.1,3.8
1770718065.999000,45.173952,6.494793,1786.600049,347.0,1.394140,13.5,3.8
1770718073.999000,45.173937,6.494640,1786.600049,250.0,3.682136,13.5,3.8
1770718079.999000,45.174028,6.494556,1783.399976,284.0,3.788549,1.3,3.8
1770718085.999000,45.173989,6.494438,1783.399976,301.0,2.342563,1.4,3.8
1770718092.999000,45.173982,6.494302,1783.399976,234.0,1.685283,1.4,3.8
1770718098.999000,45.174030,6.494184,1783.399976,304.0,2.293879,1.5,3.8
1770718104.997000,45.174097,6.494075,1785.800000,321.0,1.682976,1.5,3.8
1770718110.999000,45.174169,6.493993,1785.800000,315.0,2.232243,1.6,3.8
1770718115.999000,45.174231,6.493890,1785.800000,324.0,1.962551,1.6,3.8
1770718119.997000,45.174321,6.493864,1782.700024,352.0,2.785546,1.5,3.8
1770721667.000000,45.174310,6.494381,1785.399976,53.0,0.490023,1.1,6.8
1770721681.000000,45.174331,6.494534,1785.399976,74.0,3.580000,5.8,3.8
1770721683.000000,45.174356,6.494657,1784.600049,73.0,5.260951,1.3,3.8
1770721685.000000,45.174378,6.494783,1784.600049,75.0,4.551099,1.4,3.8
1770721688.000000,45.174402,6.494963,1784.600049,75.0,4.661072,1.4,3.8
1770721691.000000,45.174439,6.495131,1784.600049,71.0,4.361146,1.4,3.8
1770721695.000000,45.174466,6.495272,1784.600049,73.0,1.420000,1.5,3.8
1770721699.000000,45.174498,6.495422,1784.600049,70.0,2.180000,1.5,3.8
1770721704.000000,45.174534,6.495585,1818.066602,76.0,3.861402,2.5,3.8
1770721709.000000,45.174565,6.495740,1824.347363,75.0,3.665518,2.5,3.8
1770721713.000000,45.174594,6.495877,1828.287549,73.0,3.597428,2.5,3.8
1770721716.000000,45.174627,6.496029,1832.448926,74.0,5.023406,2.5,3.8
1770721719.000000,45.174660,6.496186,1837.038281,75.0,4.767702,2.5,3.8
1770721721.000000,45.174682,6.496314,1851.800000,74.0,5.880644,3.1,3.8
1770721724.000000,45.174713,6.496470,1851.800000,75.0,5.011762,3.1,3.8
1770721726.000000,45.174739,6.496594,1851.800000,74.0,5.556129,3.1,3.8
1770721729.000000,45.174769,6.496760,1851.800000,74.0,4.706774,3.2,3.8
1770721732.000000,45.174801,6.496924,1851.800000,75.0,4.690000,3.2,3.8
1770721735.000000,45.174832,6.497090,1851.800000,76.0,4.290000,3.2,3.8
1770721737.000000,45.174858,6.497213,1851.800000,73.0,5.280000,3.3,3.8
1770721740.000000,45.174892,6.497388,1851.800000,73.0,4.860000,3.3,3.8
1770721743.000000,45.174922,6.497565,1851.800000,75.0,4.950000,3.3,3.8
1770721746.000000,45.174958,6.497739,1865.499951,75.0,4.856109,9.6,3.8
1770721749.000000,45.174994,6.497916,1865.499951,74.0,4.924174,9.6,3.8
1770721752.000000,45.175026,6.498093,1885.825146,74.0,5.480489,2.5,3.8
1770721755.000000,45.175061,6.498268,1890.079053,75.0,5.730026,2.5,3.8
1770721758.000000,45.175097,6.498441,1865.499951,75.0,6.242239,16.6,3.8
1770721761.000000,45.175131,6.498607,1898.818555,75.0,8.298286,2.5,3.8
1770721763.000000,45.175157,6.498733,1900.986035,74.0,7.430180,2.5,3.8
1770721766.000000,45.175192,6.498907,1904.468945,74.0,7.301626,2.5,3.8
1770721769.000000,45.175226,6.499086,1908.243359,75.0,5.983863,2.5,3.8
1770721772.000000,45.175260,6.499264,1912.634961,74.0,5.074265,2.5,3.8
1770721775.000000,45.175294,6.499441,1917.033887,74.0,5.059924,2.5,3.8
1770721778.000000,45.175327,6.499616,1921.604932,75.0,4.883450,2.5,3.8
1770721781.000000,45.175359,6.499791,1925.755322,74.0,5.074371,2.5,3.8
1770721784.000000,45.175388,6.499964,1930.478223,75.0,5.111075,2.5,3.8
1770721787.000000,45.175417,6.500133,1935.692578,75.0,4.836743,2.5,3.8
1770721790.000000,45.175454,6.500310,1939.614453,75.0,5.277876,2.5,3.8
1770721793.000000,45.175487,6.500488,1943.292676,74.0,5.170825,2.5,3.8
1770721796.000000,45.175522,6.500666,1947.594922,73.0,4.911679,2.5,3.8
1770721799.002000,45.175556,6.500839,1951.569531,75.0,5.133377,2.5,3.8
1770721802.000000,45.175588,6.501016,1955.990918,75.0,4.894128,2.5,3.8
1770721805.000000,45.175622,6.501191,1960.912305,75.0,4.838191,2.5,3.8
1770721808.000000,45.175657,6.501363,1965.741895,75.0,5.003985,2.5,3.8
1770721811.000000,45.175694,6.501535,1971.500195,74.0,4.984914,2.5,3.8
1770721814.000000,45.175728,6.501706,1976.759961,74.0,4.952283,2.5,3.8
1770721817.000000,45.175758,6.501874,1982.230176,75.0,4.931117,2.5,3.8
1770721820.000000,45.175787,6.502045,1988.140820,75.0,4.955019,2.5,3.8
1770721823.000000,45.175815,6.502215,1994.090771,75.0,4.905598,2.5,3.8
1770721826.000000,45.175844,6.502382,2000.621045,74.0,4.892313,2.5,3.8
1770721829.000000,45.175878,6.502546,2007.854443,74.0,4.935812,2.5,3.8
1770721832.000000,45.175911,6.502708,2014.941846,75.0,4.970087,2.5,3.8
1770721835.000000,45.175945,6.502864,2022.056836,75.0,4.917332,2.5,3.8
1770721838.000000,45.175976,6.503018,2029.500195,75.0,4.927647,2.5,3.8
1770721841.002000,45.176016,6.503196,2033.270459,74.0,5.540708,2.5,3.8
1770721844.000000,45.176051,6.503371,2036.579541,74.0,5.334007,2.5,3.8
1770721847.000000,45.176082,6.503548,2040.391064,74.0,5.170866,2.5,3.8
1770721850.000000,45.176114,6.503728,2043.680859,75.0,5.021037,2.5,3.8
1770721853.000000,45.176146,6.503905,2047.591748,75.0,4.887979,2.5,3.8
1770721856.000000,45.176181,6.504081,2051.914502,74.0,4.957536,2.5,3.8
1770721859.000000,45.176219,6.504257,2055.857617,74.0,4.979690,2.5,3.8
1770721862.000000,45.176249,6.504433,2060.499219,74.0,4.894935,2.5,3.8
1770721865.000000,45.176280,6.504608,2064.973340,75.0,4.927692,2.5,3.8
1770721868.000000,45.176314,6.504780,2069.484082,75.0,4.913225,2.5,3.8
1770721871.000000,45.176347,6.504949,2073.964551,75.0,4.831657,2.5,3.8
1770721874.000000,45.176380,6.505120,2079.032422,74.0,4.833392,2.5,3.8
1770721877.000000,45.176413,6.505294,2083.904004,74.0,4.853533,2.5,3.8
1770721880.000000,45.176444,6.505468,2089.253857,74.0,4.810883,2.5,3.8
1770721883.000000,45.176475,6.505640,2095.270947,74.0,4.865534,2.5,3.8
1770721886.000000,45.176506,6.505814,2101.703564,75.0,4.917409,2.5,3.8
1770721889.000000,45.176537,6.505984,2108.004346,75.0,4.854886,2.5,3.8
1770721892.000000,45.176569,6.506151,2114.511426,75.0,4.958858,2.5,3.8
1770721895.000000,45.176603,6.506316,2120.951855,74.0,4.937856,2.5,3.8
1770721898.000000,45.176636,6.506478,2127.950391,74.0,4.922611,2.5,3.8
1770721901.000000,45.176668,6.506638,2134.829053,74.0,4.935279,2.5,3.8
1770721904.000000,45.176698,6.506800,2142.239697,75.0,4.960986,2.5,3.8
1770721907.000000,45.176727,6.506964,2149.505811,75.0,4.931978,2.5,3.8
1770721910.000000,45.176755,6.507124,2156.826855,75.0,4.936266,2.5,3.8
1770721913.000000,45.176786,6.507285,2163.242627,74.0,5.191422,2.5,3.8
1770721915.000000,45.176810,6.507408,2165.915723,75.0,5.223863,2.5,3.8
1770721918.000000,45.176844,6.507582,2170.217725,75.0,5.130306,2.5,3.8
1770721921.000000,45.176878,6.507757,2174.545605,75.0,5.074836,2.5,3.8
1770721924.000000,45.176907,6.507935,2178.996289,74.0,4.939757,2.5,3.8
1770721927.000000,45.176938,6.508108,2183.697949,74.0,4.861356,2.5,3.8
1770721930.000000,45.176969,6.508281,2188.441602,75.0,4.891709,2.5,3.8
1770721933.000000,45.177001,6.508458,2193.008252,76.0,4.897923,2.5,3.8
1770721936.000000,45.177038,6.508627,2198.442090,74.0,4.914831,2.5,3.8
1770721939.000000,45.177073,6.508797,2203.731641,74.0,4.902983,2.5,3.8
1770721942.000000,45.177110,6.508966,2208.899854,75.0,4.933906,2.5,3.8
1770721945.000000,45.177140,6.509138,2214.799756,75.0,4.908289,2.5,3.8
1770721948.000000,45.177171,6.509306,2220.569287,74.0,4.863136,2.5,3.8
1770721950.000000,45.177194,6.509429,2222.417188,74.0,5.431644,2.5,3.8
1770721953.000000,45.177231,6.509605,2225.101270,74.0,5.209295,2.5,3.8
1770721956.000000,45.177265,6.509782,2228.164502,75.0,5.032884,2.5,3.8
1770721959.000000,45.177299,6.509959,2231.373242,74.0,5.025939,2.5,3.8
1770721962.000000,45.177337,6.510132,2234.659375,75.0,4.868098,2.5,3.8
1770721965.000000,45.177371,6.510308,2238.392285,75.0,4.916385,2.5,3.8
1770721968.000000,45.177402,6.510488,2242.062695,75.0,4.976645,2.5,3.8
1770721971.000000,45.177436,6.510666,2245.771436,74.0,4.908894,2.5,3.8
1770721974.000000,45.177471,6.510842,2249.797559,75.0,4.953334,2.5,3.8
1770721977.000000,45.177504,6.511020,2253.980420,74.0,4.934069,2.5,3.8
1770721980.000000,45.177537,6.511194,2257.919385,74.0,4.901476,2.5,3.8
1770721983.000000,45.177570,6.511366,2262.542676,75.0,4.932159,2.5,3.8
1770721986.000000,45.177604,6.511541,2267.690869,75.0,4.902276,2.5,3.8
1770721989.000000,45.177638,6.511716,2273.057080,75.0,4.942632,2.5,3.8
1770721992.000000,45.177672,6.511888,2278.081006,74.0,4.981863,2.5,3.8
1770721995.000000,45.177706,6.512060,2283.478955,74.0,4.966532,2.5,3.8
1770721998.000000,45.177739,6.512233,2289.207471,75.0,4.918478,2.5,3.8
1770722001.000000,45.177764,6.512405,2294.891797,75.0,4.937499,2.5,3.8
1770722004.000000,45.177798,6.512575,2301.008496,75.0,4.934875,2.5,3.8
1770722007.000000,45.177831,6.512744,2307.096631,74.0,4.994164,2.5,3.8
1770722010.000000,45.177862,6.512912,2313.343701,74.0,5.020512,2.5,3.8
1770722013.002000,45.177894,6.513079,2319.487012,75.0,4.990187,2.5,3.8
1770722016.000000,45.177926,6.513244,2326.100537,75.0,4.943967,2.5,3.8
1770722018.999000,45.177957,6.513408,2332.609570,75.0,4.949948,2.5,3.8
1770722022.000000,45.177988,6.513572,2339.379102,75.0,4.950739,2.5,3.8
1770722025.000000,45.178020,6.513735,2346.195020,74.0,4.984656,2.5,3.8
1770722028.000000,45.178051,6.513901,2351.836621,74.0,5.284741,2.5,3.8
1770722031.000000,45.178085,6.514072,2356.998486,74.0,5.074685,2.5,3.8
1770722034.000000,45.178117,6.514242,2362.174512,75.0,5.023052,2.5,3.8
1770722037.000000,45.178152,6.514412,2367.424756,76.0,4.947148,2.5,3.8
1770722040.000000,45.178169,6.514588,2372.734326,74.0,4.937321,2.5,3.8
1770722043.000000,45.178208,6.514760,2378.511670,73.0,4.909064,2.5,3.8
1770722046.000000,45.178252,6.514928,2384.125195,74.0,4.922495,2.5,3.8
1770722049.000000,45.178290,6.515094,2389.887891,75.0,4.920022,2.5,3.8
1770722052.000000,45.178325,6.515258,2396.045361,75.0,4.910574,2.5,3.8
1770722055.000000,45.178358,6.515418,2401.990674,75.0,4.806279,2.5,3.8
1770722058.000000,45.178381,6.515605,2403.653760,75.0,5.210649,2.5,3.8
1770722061.000000,45.178413,6.515780,2403.649365,74.0,4.344296,2.5,3.8
1770722069.000000,45.178429,6.515929,2404.081982,93.0,2.083314,2.5,3.8
1770722069.000000,45.178429,6.515929,2404.081982,93.0,2.083314,2.5,3.8
