1770798065.029000,45.178241,6.516126,2455.400146,-1.0,0.000000,2.5,9.2
1770798066.028000,45.178212,6.516109,2455.400146,196.0,2.610000,2.5,7.8
1770798072.029000,45.178119,6.516058,2455.400146,205.0,2.260000,2.6,3.8
1770798092.029000,45.178059,6.516039,2455.400146,-1.0,0.000000,8.2,3.8
1770798092.029000,45.178059,6.516039,2455.400146,-1.0,0.000000,8.2,3.8
1770798147.029000,45.178022,6.516043,2455.400146,185.0,0.960000,3.2,3.8
1770798166.029000,45.177938,6.516090,2455.600098,126.0,0.290000,7.8,3.8
1770798175.030000,45.177836,6.516079,2455.600098,162.0,1.510000,8.3,3.8
1770798183.029000,45.177746,6.516075,2455.400146,196.0,1.800000,6.7,3.8
1770798192.030000,45.177651,6.516020,2455.400146,224.0,1.930000,6.8,3.8
1770798198.029000,45.177556,6.515978,2455.400146,230.0,1.870000,6.9,3.8
1770798205.029000,45.177463,6.515951,2455.400146,213.0,1.490000,6.9,3.8
1770798211.030000,45.177359,6.515944,2455.400146,186.0,1.910000,7.0,3.8
1770798217.030000,45.177256,6.515950,2455.400146,152.0,1.990000,7.0,3.8
1770798223.029000,45.177152,6.515944,2455.400146,177.0,2.260000,7.1,3.8
1770798229.031000,45.177069,6.516004,2455.400146,176.0,1.650000,7.2,3.8
1770798236.029000,45.176984,6.516067,2455.400146,148.0,1.400000,7.2,3.8
1770798243.029000,45.176892,6.516101,2455.400146,180.0,2.500000,7.3,3.8
1770798247.029000,45.176800,6.516106,2455.400146,172.0,2.110000,7.3,3.8
1770798252.029000,45.176701,6.516149,2455.400146,166.0,2.640000,7.4,3.8
1770798256.030000,45.176610,6.516178,2455.400146,164.0,1.820000,7.4,3.8
1770798261.030000,45.176508,6.516199,2455.400146,166.0,2.770000,7.5,3.8
1770798265.029000,45.176415,6.516218,2455.400146,187.0,2.540000,7.5,3.8
1770798271.030000,45.176313,6.516216,2429.039062,175.0,1.840000,2.5,3.8
1770798276.029000,45.176207,6.516225,2427.947021,182.0,3.010000,2.5,3.8
1770798280.029000,45.176100,6.516224,2426.672607,180.0,2.000000,2.5,3.8
1770798286.029000,45.175986,6.516221,2424.900146,177.0,2.800000,2.5,3.8
1770798291.029000,45.175884,6.516230,2424.035645,166.0,2.160000,2.5,3.8
1770798299.030000,45.175791,6.516260,2423.143555,158.0,0.750000,2.5,3.8
1770798308.030000,45.175697,6.516296,2422.581543,151.0,0.710000,2.5,3.8
1770798314.030000,45.175595,6.516337,2420.942383,160.0,1.860000,2.5,3.8
1770798320.029000,45.175494,6.516384,2419.103027,154.0,1.770000,2.5,3.8
1770798325.030000,45.175403,6.516428,2417.380371,171.0,2.960000,2.5,3.8
1770798330.030000,45.175316,6.516481,2416.011475,166.0,2.500000,2.5,3.8
1770798336.030000,45.175226,6.516542,2414.507324,155.0,1.770000,2.5,3.8
1770798341.029000,45.175126,6.516597,2412.948486,154.0,2.630000,2.5,3.8
1770798345.029000,45.175052,6.516672,2411.866943,150.0,2.570000,2.5,3.8
1770798350.029000,45.174939,6.516711,2410.432861,167.0,3.210000,2.5,3.8
1770798354.029000,45.174846,6.516771,2409.540283,151.0,2.380000,2.5,3.8
1770798359.030000,45.174751,6.516811,2408.655029,162.0,2.520000,2.5,3.8
1770798364.030000,45.174650,6.516844,2407.771484,165.0,2.390000,2.5,3.8
1770798370.029000,45.174556,6.516878,2407.544434,168.0,1.750000,2.5,3.8
1770798378.030000,45.174460,6.516909,2406.872070,172.0,1.050000,2.5,3.8
1770798386.030000,45.174362,6.516940,2406.382568,169.0,2.200000,2.5,3.8
1770798391.030000,45.174278,6.516997,2405.586426,150.0,1.750000,2.5,3.8
1770798398.029000,45.174192,6.517048,2404.630371,162.0,1.980000,2.5,3.8
1770798404.030000,45.174096,6.517079,2403.549805,173.0,2.280000,2.5,3.8
1770798409.029000,45.173995,6.517116,2401.843750,168.0,2.380000,2.5,3.8
1770798414.030000,45.173892,6.517156,2400.805908,159.0,1.880000,2.5,3.8
1770798420.030000,45.173798,6.517196,2399.898682,162.0,1.650000,2.5,3.8
1770798427.030000,45.173716,6.517257,2399.148438,155.0,1.390000,2.5,3.8
1770798435.029000,45.173650,6.517356,2397.585938,141.0,1.470000,2.5,3.8
1770798442.029000,45.173564,6.517411,2395.908203,140.0,1.660000,2.5,3.8
1770798449.029000,45.173460,6.517417,2393.797363,177.0,2.110000,2.5,3.8
1770798456.029000,45.173371,6.517449,2392.017334,195.0,2.060000,2.5,3.8
1770798462.029000,45.173282,6.517480,2390.149170,177.0,1.490000,2.5,3.8
1770798471.030000,45.173191,6.517505,2387.886963,155.0,1.100000,2.5,3.8
1770798477.030000,45.173086,6.517507,2385.801270,149.0,1.860000,2.5,3.8
1770798482.030000,45.172982,6.517508,2384.115479,188.0,2.830000,2.5,3.8
1770798488.030000,45.172882,6.517525,2382.987549,194.0,1.980000,2.5,3.8
1770798494.030000,45.172788,6.517502,2382.151611,169.0,1.860000,2.5,3.8
1770798501.029000,45.172698,6.517547,2381.553223,164.0,1.760000,2.5,3.8
1770798506.030000,45.172605,6.517578,2381.010010,159.0,2.550000,2.5,3.8
1770798512.029000,45.172507,6.517617,2380.402832,179.0,1.400000,2.5,3.8
1770798519.030000,45.172415,6.517618,2379.886230,163.0,1.770000,2.5,3.8
1770798525.030000,45.172321,6.517663,2379.554688,164.0,1.990000,2.5,3.8
1770798533.030000,45.172228,6.517688,2379.140381,173.0,0.580000,2.5,3.8
1770798549.030000,45.172207,6.517560,2378.040527,262.0,1.750000,2.5,3.8
1770798554.030000,45.172240,6.517432,2375.976318,332.0,2.060000,2.5,3.8
1770798560.030000,45.172310,6.517338,2374.417969,326.0,1.380000,2.5,3.8
1770798567.030000,45.172388,6.517272,2373.083496,320.0,0.920000,2.5,3.8
1770798583.030000,45.172468,6.517211,2372.336914,339.0,1.830000,2.5,3.8
1770798588.030000,45.172568,6.517142,2370.712891,340.0,3.270000,2.5,3.8
1770798592.029000,45.172656,6.517097,2369.729004,319.0,2.500000,2.5,3.8
1770798596.029000,45.172745,6.517053,2368.619141,346.0,2.470000,2.5,3.8
1770798601.030000,45.172841,6.516974,2367.144531,326.0,3.190000,2.5,3.8
1770798605.029000,45.172892,6.516850,2365.677002,277.0,2.920000,2.5,3.8
1770798609.029000,45.172920,6.516696,2364.056641,275.0,2.630000,2.5,3.8
1770798614.030000,45.172917,6.516556,2362.940186,264.0,2.200000,2.5,3.8
1770798618.029000,45.172905,6.516421,2362.003418,261.0,2.900000,2.5,3.8
1770798622.031000,45.172898,6.516278,2361.156250,268.0,2.770000,2.5,3.8
1770798626.031000,45.172898,6.516140,2360.262695,266.0,2.930000,2.5,3.8
1770798630.030000,45.172891,6.516007,2359.426025,272.0,2.450000,2.5,3.8
1770798634.030000,45.172902,6.515877,2358.892090,273.0,2.490000,2.5,3.8
1770798639.030000,45.172920,6.515750,2357.825928,291.0,2.130000,2.5,3.9
1770798644.030000,45.172956,6.515625,2356.843262,294.0,2.160000,2.5,3.8
1770798649.030000,45.173016,6.515493,2355.666260,305.0,2.700000,2.5,3.8
1770798654.031000,45.173083,6.515365,2354.478760,309.0,2.530000,2.5,3.8
1770798659.031000,45.173158,6.515247,2353.349609,312.0,2.530000,2.5,4.2
1770798663.031000,45.173227,6.515130,2352.630859,306.0,2.810000,2.5,3.8
1770798667.031000,45.173281,6.515021,2351.857910,298.0,2.250000,2.5,3.8
1770798671.031000,45.173326,6.514910,2351.003662,302.0,2.990000,2.5,3.8
1770798674.031000,45.173375,6.514787,2349.432617,295.0,4.080000,2.5,3.8
1770798677.030000,45.173413,6.514663,2348.212891,298.0,3.560000,2.5,3.9
1770798680.031000,45.173470,6.514531,2346.927979,300.0,4.220000,2.5,3.9
1770798683.030000,45.173518,6.514385,2345.658203,293.0,4.150000,2.5,3.8
1770798686.030000,45.173578,6.514282,2344.634033,314.0,3.110000,2.5,3.8
1770798689.030000,45.173639,6.514168,2343.189209,308.0,4.160000,2.5,3.8
1770798692.031000,45.173720,6.514061,2341.727295,322.0,3.670000,2.5,3.8
1770798695.030000,45.173788,6.513974,2340.622314,319.0,3.190000,2.5,3.8
1770798699.031000,45.173886,6.513880,2339.394775,334.0,3.430000,2.5,4.0
1770798702.030000,45.173977,6.513831,2338.201172,338.0,3.500000,2.5,3.8
1770798705.031000,45.174063,6.513788,2337.748779,341.0,3.310000,2.5,3.8
1770798709.031000,45.174166,6.513768,2336.378418,8.0,2.720000,2.5,3.8
1770798714.031000,45.174269,6.513779,2335.395752,352.0,1.800000,2.5,3.8
1770798718.030000,45.174364,6.513769,2334.474854,358.0,3.170000,2.5,3.8
1770798722.031000,45.174478,6.513765,2333.992676,357.0,3.200000,2.5,3.8
1770798726.030000,45.174596,6.513740,2332.745117,349.0,3.570000,2.5,3.8
1770798730.031000,45.174702,6.513713,2332.400146,354.0,2.390000,2.5,3.8
1770798736.032000,45.174798,6.513669,2331.385498,335.0,2.030000,2.5,3.8
1770798743.030000,45.174889,6.513595,2330.401123,323.0,1.710000,2.5,3.8
1770798748.031000,45.174959,6.513506,2329.425537,317.0,2.310000,2.5,3.8
1770798752.031000,45.175035,6.513399,2328.208984,317.0,3.500000,2.5,3.8
1770798756.031000,45.175122,6.513296,2327.004150,318.0,2.850000,2.5,3.8
1770798760.031000,45.175199,6.513201,2325.708740,317.0,3.160000,2.5,3.8
1770798764.030000,45.175288,6.513088,2324.096924,310.0,3.820000,2.5,3.8
1770798767.030000,45.175342,6.512945,2322.840820,294.0,4.140000,2.5,3.8
1770798770.030000,45.175372,6.512787,2321.267578,282.0,4.470000,2.5,3.8
1770798773.031000,45.175384,6.512619,2319.760010,270.0,4.220000,2.5,3.8
1770798776.031000,45.175374,6.512475,2318.774170,261.0,3.710000,2.5,3.8
1770798779.031000,45.175346,6.512332,2317.631836,252.0,4.090000,2.5,3.8
1770798782.031000,45.175308,6.512178,2316.180420,248.0,4.530000,2.5,3.8
1770798785.031000,45.175286,6.512033,2315.184082,270.0,3.420000,2.5,3.8
1770798789.031000,45.175328,6.511890,2313.928711,302.0,3.030000,2.5,3.8
1770798793.031000,45.175392,6.511797,2313.092529,320.0,2.400000,2.5,3.8
1770798797.031000,45.175465,6.511721,2312.157227,322.0,2.410000,2.5,3.8
1770798802.031000,45.175550,6.511636,2310.701172,331.0,2.700000,2.5,3.8
1770798806.031000,45.175644,6.511538,2309.740967,323.0,3.630000,2.5,3.8
1770798809.030000,45.175719,6.511453,2309.010498,319.0,3.580000,2.5,3.8
1770798812.031000,45.175784,6.511365,2308.437012,316.0,3.280000,2.5,3.8
1770798816.031000,45.175867,6.511248,2307.294189,314.0,3.230000,2.5,3.8
1770798820.031000,45.175946,6.511124,2305.971924,311.0,3.450000,2.5,3.8
1770798823.030000,45.176013,6.511032,2305.326416,320.0,3.500000,2.5,3.8
1770798826.030000,45.176086,6.510952,2304.477783,322.0,3.440000,2.5,3.8
1770798829.031000,45.176177,6.510890,2302.956299,343.0,4.010000,2.5,3.8
1770798833.031000,45.176291,6.510902,2301.234619,9.0,3.430000,2.5,3.8
1770798836.031000,45.176394,6.510924,2299.306885,9.0,4.060000,2.5,3.8
1770798839.030000,45.176507,6.510950,2297.114014,5.0,4.500000,2.5,3.8
1770798842.030000,45.176628,6.510959,2295.359863,1.0,4.720000,2.5,3.8
1770798844.031000,45.176719,6.510952,2294.047607,355.0,5.410000,2.5,3.8
1770798846.031000,45.176818,6.510936,2292.671631,351.0,5.570000,2.5,3.8
1770798848.031000,45.176922,6.510914,2291.583008,356.0,5.500000,2.5,3.8
1770798851.030000,45.177024,6.510887,2290.207031,346.0,3.350000,2.5,3.8
1770799036.031000,45.177113,6.510848,2289.044434,341.0,1.120000,2.5,3.8
1770799048.030000,45.177211,6.510817,2287.340088,342.0,1.610000,2.5,3.8
1770799055.030000,45.177298,6.510774,2286.123779,332.0,2.060000,2.5,3.8
1770799059.031000,45.177376,6.510689,2284.499756,316.0,2.830000,2.5,3.8
1770799064.031000,45.177449,6.510567,2282.604492,301.0,2.820000,2.5,3.8
1770799071.032000,45.177502,6.510464,2281.422607,298.0,0.930000,2.5,3.8
1770799077.031000,45.177556,6.510343,2279.166260,301.0,1.700000,2.5,3.8
1770799083.031000,45.177597,6.510228,2277.807861,294.0,1.660000,2.5,3.8
1770799088.032000,45.177643,6.510094,2275.458008,291.0,3.180000,2.5,3.8
1770799092.032000,45.177692,6.509984,2274.177979,305.0,2.240000,2.5,3.9
1770799096.032000,45.177756,6.509884,2272.615723,327.0,2.460000,2.5,3.8
1770799100.031000,45.177819,6.509772,2270.979980,306.0,2.920000,2.5,3.8
1770799104.031000,45.177875,6.509654,2269.581543,311.0,2.640000,2.5,3.8
1770799109.032000,45.177942,6.509527,2267.716064,300.0,2.640000,2.5,3.9
1770799114.031000,45.177983,6.509384,2265.591309,272.0,2.830000,2.5,3.8
1770799118.032000,45.177968,6.509235,2264.014160,254.0,2.570000,2.5,3.8
1770799138.031000,45.177973,6.509213,2192.800049,-1.0,0.000000,16.7,3.8
1770799138.031000,45.177973,6.509213,2192.800049,-1.0,0.000000,16.7,3.8
1770799200.032000,45.178037,6.509138,2262.575195,329.0,1.700000,2.5,3.8
1770799206.031000,45.178105,6.509033,2261.401611,275.0,1.720000,2.5,3.8
1770799212.032000,45.178197,6.508992,2260.188965,344.0,2.650000,2.5,3.8
1770799216.032000,45.178283,6.508951,2258.806885,349.0,2.910000,2.5,3.8
1770799220.032000,45.178372,6.508885,2257.357666,308.0,2.430000,2.5,3.8
1770799224.031000,45.178477,6.508861,2255.031250,336.0,3.440000,2.5,3.8
1770799228.031000,45.178565,6.508785,2253.448730,10.0,3.470000,2.5,3.8
1770799232.032000,45.178647,6.508718,2251.410156,305.0,3.110000,2.5,3.8
1770799236.032000,45.178742,6.508655,2249.327148,311.0,3.500000,2.5,3.8
1770799239.032000,45.178814,6.508540,2247.202148,310.0,4.760000,2.5,3.8
1770799241.032000,45.178878,6.508413,2244.954590,305.0,6.340000,2.5,3.8
1770799243.032000,45.178959,6.508270,2242.619385,308.0,7.280000,2.5,3.8
1770799245.032000,45.179035,6.508121,2240.615967,304.0,7.150000,2.5,3.8
1770799247.031000,45.179099,6.507976,2239.423096,299.0,6.610000,2.5,3.8
1770799249.031000,45.179152,6.507830,2238.271729,297.0,6.270000,2.5,3.8
1770799251.031000,45.179202,6.507693,2237.264404,297.0,5.880000,2.5,3.8
1770799253.032000,45.179255,6.507579,2236.586914,304.0,4.990000,2.5,3.8
1770799256.032000,45.179327,6.507457,2235.656982,311.0,3.620000,2.5,3.8
1770799261.032000,45.179402,6.507367,2235.354980,318.0,1.690000,2.5,3.8
1770799267.032000,45.179481,6.507300,2234.598877,335.0,2.220000,2.5,3.8
1770799273.031000,45.179572,6.507243,2233.377930,337.0,1.880000,2.5,3.8
1770799278.032000,45.179668,6.507195,2232.525635,341.0,2.320000,2.5,3.8
1770799284.032000,45.179769,6.507161,2231.802734,339.0,1.840000,2.5,3.8
1770799289.031000,45.179860,6.507138,2230.684814,352.0,2.260000,2.5,3.8
1770799294.031000,45.179971,6.507130,2230.047852,358.0,2.420000,2.5,3.8
1770799300.032000,45.180080,6.507123,2229.215332,349.0,2.050000,2.5,3.8
1770799305.032000,45.180182,6.507092,2229.191406,353.0,1.970000,2.5,3.8
1770799397.032000,45.180255,6.507011,2229.599854,315.0,0.360000,2.5,3.8
1770799413.032000,45.180334,6.506942,2229.142578,313.0,0.900000,2.5,3.8
1770799425.031000,45.180407,6.506862,2228.785156,311.0,0.630000,2.5,3.8
1770799466.032000,45.180476,6.506777,2228.511963,314.0,0.360000,2.5,3.8
1770799489.031000,45.180534,6.506667,2228.627441,312.0,0.880000,2.5,3.8
1770799502.033000,45.180608,6.506578,2227.659912,318.0,0.800000,2.5,3.8
1770799509.033000,45.180681,6.506476,2227.367676,308.0,2.040000,2.5,3.8
1770799517.032000,45.180760,6.506398,2227.575928,335.0,0.870000,2.5,3.8
1770799525.033000,45.180829,6.506300,2226.952393,317.0,1.670000,2.5,3.8
1770799531.033000,45.180873,6.506187,2225.705078,289.0,1.350000,2.5,3.8
1770799546.033000,45.180940,6.506096,2224.491699,317.0,0.990000,2.5,3.8
1770799555.032000,45.181023,6.506020,2223.811279,329.0,1.490000,2.5,3.8
1770799563.033000,45.181105,6.505943,2222.892578,320.0,0.890000,2.5,3.8
1770799758.032000,45.181149,6.505825,2222.826660,316.0,1.880000,2.5,3.8
1770799763.033000,45.181235,6.505724,2221.491455,321.0,2.810000,2.5,3.8
1770799767.033000,45.181325,6.505615,2220.232910,318.0,3.370000,2.5,3.8
1770799771.033000,45.181413,6.505518,2219.311035,325.0,2.730000,2.5,3.8
1770799775.032000,45.181494,6.505450,2218.377930,330.0,2.510000,2.5,3.8
1770799779.033000,45.181575,6.505376,2217.391846,326.0,3.110000,2.5,3.8
1770799782.033000,45.181652,6.505310,2216.358398,328.0,3.410000,2.5,3.8
1770799785.033000,45.181735,6.505242,2215.518066,328.0,3.490000,2.5,3.8
1770799788.032000,45.181815,6.505170,2214.786377,326.0,3.370000,2.5,3.8
1770799792.032000,45.181910,6.505089,2214.071045,331.0,2.720000,2.5,3.8
1770799796.033000,45.181988,6.505016,2213.462891,325.0,2.440000,2.5,3.8
1770799801.033000,45.182076,6.504932,2212.303467,326.0,2.560000,2.5,3.8
1770799805.033000,45.182156,6.504855,2211.189941,322.0,2.510000,2.5,3.8
1770799810.033000,45.182235,6.504769,2209.923096,322.0,2.010000,2.5,3.8
1770799857.033000,45.182290,6.504646,2207.395996,301.0,1.470000,2.5,3.8
1770799865.032000,45.182347,6.504539,2206.056396,297.0,2.730000,2.5,3.8
1770799869.033000,45.182394,6.504422,2204.351074,304.0,2.670000,2.5,3.8
1770799873.032000,45.182435,6.504306,2203.031250,311.0,2.640000,2.5,3.8
1770799877.032000,45.182484,6.504196,2201.823730,307.0,2.550000,2.5,3.8
1770799881.033000,45.182556,6.504090,2200.118408,316.0,2.950000,2.5,3.8
1770799885.032000,45.182649,6.504010,2198.164307,327.0,3.050000,2.5,3.8
1770799889.032000,45.182732,6.503934,2196.983887,330.0,2.740000,2.5,3.8
1770799893.033000,45.182829,6.503841,2195.286621,319.0,3.490000,2.5,3.8
1770799896.032000,45.182903,6.503764,2194.109131,322.0,3.410000,2.5,3.8
1770799900.032000,45.182981,6.503694,2192.541992,326.0,2.440000,2.5,3.8
1770799904.034000,45.183067,6.503611,2190.794678,324.0,3.140000,2.5,3.8
1770799908.033000,45.183167,6.503527,2189.438965,326.0,3.180000,2.5,3.8
1770799912.033000,45.183261,6.503459,2187.903076,331.0,2.630000,2.5,3.8
1770799916.034000,45.183354,6.503390,2185.832520,331.0,3.320000,2.5,3.8
1770799919.034000,45.183441,6.503275,2183.151367,314.0,4.810000,2.5,3.8
1770799921.034000,45.183492,6.503147,2181.450684,304.0,5.320000,2.5,3.8
1770799923.033000,45.183540,6.503012,2179.883301,294.0,5.900000,2.5,3.8
1770799925.033000,45.183580,6.502884,2178.830566,294.0,5.370000,2.5,3.8
1770799928.034000,45.183634,6.502716,2177.567627,293.0,4.640000,2.5,3.8
1770799931.034000,45.183681,6.502575,2177.200439,292.0,3.600000,2.5,3.8
1770799936.033000,45.183732,6.502463,2177.041504,284.0,1.460000,2.5,3.8
1770799943.034000,45.183739,6.502335,2176.561768,282.0,0.690000,2.5,3.8
1770799952.033000,45.183757,6.502207,2175.554932,282.0,1.600000,2.5,3.8
1770799960.033000,45.183789,6.502083,2174.192627,293.0,1.310000,2.5,3.8
1770799965.034000,45.183842,6.501950,2172.879395,303.0,3.550000,2.5,3.8
1770799968.034000,45.183906,6.501833,2170.809570,310.0,4.110000,2.5,3.8
1770799970.033000,45.183964,6.501735,2169.195068,307.0,5.190000,2.5,3.8
1770799972.033000,45.184016,6.501618,2168.025146,301.0,5.340000,2.5,3.8
1770799974.034000,45.184064,6.501504,2166.853027,300.0,5.080000,2.5,3.8
1770799977.033000,45.184132,6.501342,2165.237305,301.0,4.780000,2.5,3.8
1770799980.034000,45.184198,6.501185,2163.637451,300.0,4.750000,2.5,3.8
1770799983.033000,45.184265,6.501044,2162.778076,296.0,4.270000,2.5,3.8
1770799986.033000,45.184320,6.500916,2161.386719,300.0,3.840000,2.5,3.8
1770799989.033000,45.184362,6.500791,2160.434082,303.0,3.510000,2.5,3.8
1770799992.033000,45.184422,6.500672,2158.710693,300.0,4.000000,2.5,3.8
1770799995.033000,45.184491,6.500545,2156.603027,299.0,4.470000,2.5,3.8
1770799998.034000,45.184548,6.500379,2154.139404,294.0,4.960000,2.5,3.8
1770800000.033000,45.184569,6.500254,2152.806885,294.0,4.330000,2.5,3.8
1770800003.034000,45.184613,6.500114,2151.047607,299.0,3.530000,2.5,3.8
1770800007.033000,45.184648,6.499990,2150.109863,287.0,2.420000,2.5,3.8
1770800012.034000,45.184690,6.499864,2148.358887,307.0,2.070000,2.5,3.8
1770800019.033000,45.184741,6.499758,2147.277344,300.0,0.500000,2.5,3.8
1770800028.033000,45.184817,6.499658,2144.825684,320.0,2.010000,2.5,3.8
1770800035.033000,45.184888,6.499569,2142.348145,317.0,1.570000,2.5,3.8
1770800046.034000,45.184949,6.499475,2140.246094,325.0,0.430000,2.5,3.8
1770800147.033000,45.184878,6.499392,2137.071777,168.0,1.710000,2.5,3.8
1770800153.034000,45.184776,6.499371,2136.104980,210.0,2.100000,2.5,3.8
1770800159.033000,45.184675,6.499380,2135.543457,146.0,1.450000,2.5,3.8
1770800164.034000,45.184576,6.499412,2134.651855,180.0,2.790000,2.5,3.8
1770800169.033000,45.184483,6.499477,2133.641602,153.0,2.220000,2.5,3.8
1770800174.035000,45.184390,6.499511,2132.640625,149.0,2.340000,2.5,3.8
1770800179.033000,45.184299,6.499599,2131.382812,155.0,2.820000,2.5,3.8
1770800183.034000,45.184237,6.499691,2130.434570,133.0,2.450000,2.5,3.8
1770800187.034000,45.184168,6.499777,2129.413574,128.0,2.590000,2.5,3.8
1770800191.034000,45.184101,6.499881,2128.365967,140.0,3.080000,2.5,3.8
1770800195.034000,45.184023,6.499988,2126.899170,129.0,2.800000,2.5,3.8
1770800199.034000,45.183954,6.500096,2125.643799,129.0,0.000000,2.5,3.8
1770800199.034000,45.183954,6.500096,2125.643799,129.0,0.000000,2.5,3.8
1770800203.033000,45.183846,6.500194,2123.874268,162.0,5.140000,2.5,3.8
1770800206.034000,45.183727,6.500252,2122.233398,183.0,4.570000,2.5,3.8
1770800209.034000,45.183603,6.500251,2120.618896,150.0,4.720000,2.5,3.8
1770800212.034000,45.183480,6.500255,2118.892090,213.0,5.180000,2.5,3.8
1770800215.033000,45.183372,6.500273,2117.368164,160.0,4.070000,2.5,3.8
1770800218.034000,45.183248,6.500268,2116.244629,190.0,4.960000,2.5,3.8
1770800221.034000,45.183148,6.500315,2114.981689,173.0,3.810000,2.5,3.8
1770800224.033000,45.183043,6.500272,2113.545166,200.0,4.290000,2.5,3.8
1770800228.033000,45.182932,6.500299,2112.081055,196.0,3.820000,2.5,3.8
1770800231.033000,45.182836,6.500252,2110.910400,174.0,3.920000,2.5,3.8
1770800234.033000,45.182748,6.500193,2109.712158,233.0,3.690000,2.5,3.8
1770800237.033000,45.182679,6.500100,2108.910889,196.0,3.570000,2.5,3.8
1770800241.034000,45.182593,6.500021,2107.859863,250.0,2.760000,2.5,3.8
1770800245.033000,45.182572,6.499884,2106.860596,253.0,2.760000,2.5,3.8
1770800249.034000,45.182549,6.499733,2105.875000,265.0,2.980000,2.5,3.8
1770800310.034000,45.182541,6.499602,2110.300049,274.0,0.570000,7.2,3.8
1770800318.034000,45.182612,6.499505,2110.300049,329.0,2.200000,8.9,3.8
1770800322.034000,45.182703,6.499409,2110.300049,315.0,3.840000,8.9,3.8
1770800325.035000,45.182796,6.499275,2110.300049,316.0,5.290000,9.0,3.8
1770800327.034000,45.182865,6.499180,2110.300049,312.0,5.440000,9.0,3.8
1770800329.035000,45.182932,6.499078,2110.300049,311.0,5.590000,9.0,3.8
1770800331.035000,45.182996,6.498959,2110.300049,305.0,5.870000,9.0,3.8
1770800333.035000,45.183060,6.498838,2110.300049,306.0,6.060000,9.0,3.8
1770800335.034000,45.183132,6.498712,2110.300049,309.0,6.390000,9.1,3.8
1770800337.034000,45.183219,6.498585,2110.300049,315.0,7.010000,9.1,3.8
1770800339.034000,45.183325,6.498476,2110.300049,324.0,7.310000,9.1,3.8
1770800341.034000,45.183438,6.498380,2110.300049,329.0,7.390000,9.1,3.8
1770800343.035000,45.183560,6.498292,2110.300049,334.0,7.510000,9.1,3.8
1770800345.035000,45.183681,6.498238,2110.300049,342.0,6.770000,9.2,3.8
1770800347.035000,45.183806,6.498198,2110.300049,345.0,6.800000,9.2,3.8
1770800349.035000,45.183922,6.498161,2110.300049,346.0,6.570000,9.2,3.8
1770800351.034000,45.184036,6.498110,2110.300049,341.0,6.760000,9.2,3.8
1770800353.034000,45.184148,6.498045,2110.300049,336.0,6.600000,9.2,3.8
1770800355.035000,45.184249,6.497965,2110.300049,330.0,6.410000,9.3,3.8
1770800357.035000,45.184329,6.497852,2110.300049,310.0,6.400000,9.3,3.8
1770800359.034000,45.184412,6.497728,2110.300049,319.0,6.820000,9.3,3.8
1770800361.035000,45.184485,6.497614,2110.300049,307.0,5.790000,9.3,3.8
1770800363.034000,45.184551,6.497507,2110.300049,301.0,5.720000,9.3,3.8
1770800365.035000,45.184628,6.497412,2110.300049,325.0,5.400000,9.4,3.8
1770800506.035000,45.184643,6.497284,2071.635742,265.0,0.500000,2.5,3.8
1770800519.034000,45.184568,6.497206,2071.020020,202.0,1.750000,2.5,3.8
1770800529.034000,45.184468,6.497216,2069.411621,189.0,1.610000,2.5,3.8
1770800533.034000,45.184380,6.497263,2067.112305,188.0,3.180000,2.5,3.8
1770800537.035000,45.184262,6.497285,2064.213135,151.0,4.400000,2.5,3.8
1770800540.035000,45.184179,6.497222,2062.603271,204.0,3.630000,2.5,3.8
1770800544.035000,45.184089,6.497236,2060.762451,222.0,3.710000,2.5,3.8
1770800549.034000,45.183987,6.497205,2058.795898,156.0,3.090000,2.5,3.8
1770800554.034000,45.183915,6.497087,2056.217773,203.0,3.200000,2.5,3.8
1770800559.035000,45.183830,6.497131,2054.184570,238.0,2.050000,2.5,3.8
1770800563.035000,45.183760,6.497049,2052.067139,174.0,3.500000,2.5,3.8
1770800567.035000,45.183660,6.497049,2049.863281,227.0,3.730000,2.5,3.8
1770800571.035000,45.183564,6.497009,2047.360352,141.0,3.930000,2.5,3.8
1770800575.035000,45.183471,6.496951,2044.721436,222.0,3.620000,2.5,3.8
1770800578.034000,45.183385,6.496993,2042.566895,162.0,4.070000,2.5,3.8
1770800582.036000,45.183297,6.496925,2040.843750,170.0,3.650000,2.5,3.8
1770800586.034000,45.183194,6.496943,2039.090820,225.0,3.420000,2.5,3.8
1770800602.034000,45.183103,6.496956,2037.491699,171.0,0.230000,2.5,3.8
1770800692.035000,45.183019,6.496856,2035.711182,181.0,3.430000,2.5,3.8
1770800709.035000,45.182933,6.496938,2033.817383,182.0,3.520000,2.5,3.8
1770800712.036000,45.182811,6.496931,2032.062500,166.0,5.200000,2.5,3.8
1770800715.036000,45.182680,6.496881,2029.835205,187.0,5.440000,2.5,3.8
1770800718.036000,45.182560,6.496892,2028.118652,206.0,4.540000,2.5,3.8
1770800721.036000,45.182484,6.496781,2026.145996,194.0,4.600000,2.5,3.8
1770800725.035000,45.182374,6.496809,2024.107422,199.0,3.550000,2.5,3.8
1770800728.035000,45.182309,6.496720,2022.850586,187.0,4.030000,2.5,3.8
1770800732.035000,45.182214,6.496732,2021.158203,218.0,2.620000,2.5,3.8
1770800736.036000,45.182112,6.496710,2018.588379,166.0,4.090000,2.5,3.8
1770800740.036000,45.182027,6.496627,2016.422852,198.0,3.100000,2.5,3.9
1770800744.036000,45.181945,6.496682,2014.774170,191.0,3.590000,2.5,3.8
1770800748.036000,45.181861,6.496607,2013.170410,165.0,4.250000,2.5,3.8
1770800752.036000,45.181765,6.496585,2011.145020,230.0,3.090000,2.5,3.8
1770800756.036000,45.181667,6.496614,2008.909180,177.0,3.910000,2.5,3.8
1770800760.036000,45.181560,6.496569,2007.388184,157.0,3.480000,2.5,3.9
1770800763.035000,45.181468,6.496565,2006.382812,210.0,3.670000,2.5,3.8
1770800767.036000,45.181377,6.496586,2004.936035,144.0,3.030000,2.5,3.8
1770800771.035000,45.181279,6.496561,2003.803711,181.0,3.220000,2.5,3.8
1770800775.036000,45.181190,6.496635,2002.382324,168.0,3.930000,2.5,3.8
1770800779.036000,45.181078,6.496665,2000.776367,177.0,3.580000,2.5,4.0
1770800782.036000,45.180989,6.496695,1999.228516,143.0,3.740000,2.5,4.0
1770800785.035000,45.180901,6.496722,1997.520020,182.0,3.550000,2.5,3.8
1770800788.035000,45.180808,6.496777,1996.065918,178.0,3.970000,2.5,3.8
1770800792.035000,45.180691,6.496819,1993.938232,172.0,3.710000,2.5,3.8
1770800796.036000,45.180586,6.496828,1992.774902,153.0,2.720000,2.5,3.8
1770800800.036000,45.180478,6.496808,1991.247559,167.0,3.310000,2.5,3.8
1770800803.036000,45.180390,6.496863,1990.082031,180.0,3.600000,2.5,3.8
1770800807.036000,45.180294,6.496889,1988.801758,147.0,2.820000,2.5,3.8
1770800811.035000,45.180193,6.496876,1987.455566,161.0,3.360000,2.5,3.8
1770800815.035000,45.180089,6.496891,1985.734863,189.0,3.380000,2.5,3.8
1770800819.036000,45.179976,6.496921,1984.278809,195.0,3.430000,2.5,3.8
1770800823.035000,45.179853,6.496903,1982.943604,186.0,3.890000,2.5,3.8
1770800826.035000,45.179745,6.496853,1981.691406,199.0,4.050000,2.5,3.8
1770800830.036000,45.179636,6.496784,1980.754395,207.0,3.210000,2.5,3.8
1770800834.035000,45.179560,6.496690,1980.149902,222.0,2.490000,2.5,3.8
1770800844.035000,45.179484,6.496616,1979.629883,230.0,0.190000,2.5,3.8
1770800863.036000,45.179406,6.496515,1978.758789,210.0,2.480000,2.5,3.8
1770800867.035000,45.179340,6.496421,1977.688965,224.0,2.760000,2.5,3.8
1770800871.036000,45.179258,6.496326,1976.072510,220.0,3.240000,2.5,3.8
1770800874.035000,45.179168,6.496266,1974.907959,202.0,3.600000,2.5,3.8
1770800877.036000,45.179083,6.496208,1973.395508,193.0,3.780000,2.5,3.8
1770800880.035000,45.178984,6.496156,1971.647949,207.0,4.100000,2.5,3.8
1770800883.035000,45.178865,6.496105,1970.468262,198.0,4.630000,2.5,3.8
1770800886.036000,45.178761,6.496038,1969.814453,205.0,4.040000,2.5,3.8
1770800889.036000,45.178669,6.495990,1969.359375,198.0,3.620000,2.5,3.8
1770800892.036000,45.178586,6.495932,1968.616211,211.0,3.510000,2.5,3.8
1770800896.035000,45.178496,6.495896,1963.699951,196.0,2.600000,8.2,3.8
1770800900.036000,45.178383,6.495855,1963.699951,186.0,3.530000,8.3,3.8
1770800903.036000,45.178282,6.495846,1963.699951,185.0,3.450000,8.3,3.8
1770800907.035000,45.178182,6.495827,1963.699951,183.0,2.640000,8.3,3.8
1770800914.036000,45.178087,6.495827,1963.699951,183.0,0.920000,8.4,3.8
1770800961.035000,45.177998,6.495886,1963.699951,152.0,1.710000,2.3,3.8
1770800967.035000,45.177918,6.495952,1963.699951,149.0,1.880000,2.4,3.8
1770800972.035000,45.177818,6.496026,1963.699951,136.0,2.630000,2.4,3.8
1770800977.037000,45.177720,6.496108,1963.699951,135.0,2.800000,2.5,3.8
1770800981.035000,45.177626,6.496185,1963.699951,148.0,3.460000,13.6,3.8
1770800984.036000,45.177545,6.496274,1963.699951,146.0,3.790000,13.7,3.8
1770800987.035000,45.177471,6.496355,1963.699951,138.0,3.370000,13.7,3.8
1770800991.036000,45.177374,6.496452,1963.699951,140.0,3.080000,13.7,3.8
1770800995.036000,45.177289,6.496513,1963.699951,157.0,2.550000,13.8,3.8
1770800999.035000,45.177215,6.496623,1923.099976,139.0,2.830000,2.6,3.8
1770801004.035000,45.177136,6.496709,1923.099976,137.0,2.260000,2.7,3.8
1770801008.036000,45.177074,6.496806,1923.099976,129.0,2.510000,2.7,3.8
1770801018.037000,45.177018,6.496909,1833.699951,144.0,0.800000,16.6,3.8
1770801028.035000,45.176902,6.496974,1907.500000,159.0,4.000000,4.1,3.8
1770801031.035000,45.176785,6.497034,1907.500000,156.0,4.520000,4.2,3.8
1770801034.035000,45.176675,6.497111,1907.500000,146.0,4.850000,4.2,3.8
1770801036.035000,45.176597,6.497190,1907.500000,150.0,5.490000,4.2,3.8
1770801038.035000,45.176502,6.497259,1907.500000,151.0,5.910000,4.2,3.8
1770801040.036000,45.176403,6.497327,1907.500000,153.0,6.010000,4.3,3.8
1770801042.035000,45.176306,6.497398,1907.500000,152.0,6.180000,4.3,3.8
1770801044.035000,45.176203,6.497475,1907.500000,152.0,6.560000,4.3,3.8
1770801046.036000,45.176104,6.497552,1907.500000,151.0,6.350000,4.3,3.8
1770801048.035000,45.176011,6.497632,1907.500000,148.0,5.790000,4.3,3.8
1770801050.036000,45.175931,6.497703,1907.500000,146.0,5.010000,4.4,3.8
1770801053.035000,45.175835,6.497808,1907.099976,140.0,4.470000,9.8,4.0
1770801056.036000,45.175740,6.497891,1907.099976,146.0,4.050000,9.8,4.0
1770801059.036000,45.175636,6.497939,1929.495117,158.0,4.500000,2.5,3.8
1770801062.036000,45.175515,6.497980,1929.081543,158.0,4.960000,2.5,3.8
1770801065.036000,45.175387,6.497999,1929.001709,173.0,4.880000,2.5,4.4
1770801067.036000,45.175304,6.498122,1928.906006,165.0,5.000000,2.5,5.1
1770801069.037000,45.175206,6.498144,1927.740967,171.0,4.480000,2.5,4.7
1770801072.037000,45.175091,6.498171,1926.628662,169.0,4.220000,2.5,3.8
1770801075.037000,45.174989,6.498176,1925.566162,168.0,3.630000,2.5,3.8
1770801079.037000,45.174874,6.498188,1924.648926,172.0,3.150000,2.5,3.8
1770801083.036000,45.174772,6.498195,1923.713867,168.0,2.690000,2.5,3.8
1770801087.037000,45.174682,6.498228,1923.792725,174.0,2.300000,2.5,3.8
1770801095.037000,45.174586,6.498269,1923.562988,170.0,1.600000,2.5,4.0
1770801101.037000,45.174487,6.498290,1923.000000,174.0,2.230000,2.5,3.8
1770801107.036000,45.174394,6.498299,1922.816895,178.0,1.280000,2.5,3.8
1770801113.036000,45.174302,6.498307,1912.400024,175.0,2.360000,8.6,5.0
1770801117.036000,45.174211,6.498322,1912.400024,173.0,2.500000,8.7,8.9
1770801122.038000,45.174112,6.498346,1912.400024,166.0,1.820000,8.7,9.9
1770801129.037000,45.174017,6.498364,1912.400024,172.0,1.490000,8.8,9.9
1770801134.037000,45.173917,6.498381,1925.000000,170.0,2.610000,8.0,10.1
1770801138.037000,45.173825,6.498391,1925.000000,172.0,2.300000,8.0,9.9
1770801144.036000,45.173728,6.498386,1925.000000,186.0,1.730000,8.1,5.0
1770801202.037000,45.173638,6.498365,1925.400024,188.0,0.860000,5.0,3.8
1770801208.036000,45.173560,6.498294,1920.500000,214.0,2.070000,4.7,3.8
1770801220.037000,45.173555,6.498162,1907.500000,312.0,1.360000,13.4,3.8
1770801225.036000,45.173594,6.498035,1907.500000,247.0,2.970000,13.4,3.8
1770801230.036000,45.173509,6.497951,1907.500000,230.0,2.090000,13.5,3.8
1770801235.036000,45.173577,6.497867,1907.500000,329.0,2.410000,13.5,3.8
1770801239.037000,45.173660,6.497796,1907.500000,329.0,2.820000,10.4,3.8
1770801244.036000,45.173677,6.497652,1907.500000,219.0,2.120000,10.5,3.8
1770801249.036000,45.173593,6.497558,1907.500000,207.0,1.350000,10.5,3.8
1770801256.037000,45.173650,6.497448,1907.500000,338.0,2.040000,3.7,3.8
1770801264.036000,45.173642,6.497318,1907.500000,213.0,2.090000,3.7,3.8
1770801269.037000,45.173575,6.497230,1907.500000,283.0,1.950000,3.8,3.8
1770801276.036000,45.173663,6.497159,1905.599976,320.0,1.220000,13.2,3.9
1770801284.037000,45.173603,6.497050,1905.599976,270.0,2.600000,13.2,3.8
1770801290.036000,45.173688,6.497001,1905.599976,320.0,0.910000,13.3,3.8
1770801297.037000,45.173757,6.496898,1838.599976,351.0,1.240000,4.9,3.8
1770801315.037000,45.173716,6.496769,1903.000000,218.0,2.800000,3.9,3.8
1770801320.037000,45.173643,6.496661,1903.000000,286.0,3.510000,3.9,3.8
1770801327.037000,45.173731,6.496618,1903.000000,346.0,0.930000,4.0,3.8
1770801333.036000,45.173695,6.496495,1837.000000,214.0,1.160000,1.5,3.8
1770801344.037000,45.173760,6.496384,1837.800049,269.0,2.430000,6.7,3.8
1770801379.036000,45.173699,6.496276,1897.900024,246.0,1.690000,6.1,3.8
1770801405.036000,45.173793,6.496221,1836.699951,2.0,1.310000,8.0,3.8
1770801420.036000,45.173796,6.496094,1837.699951,196.0,0.320000,5.8,3.8
1770801453.038000,45.173828,6.495972,1837.800049,246.0,0.300000,17.3,3.8
1770801463.037000,45.173907,6.495886,1837.900024,284.0,2.090000,1.2,3.8
1770801475.038000,45.173968,6.495784,1837.400024,10.0,1.600000,5.3,3.8
1770801493.038000,45.173927,6.495667,1877.400024,213.0,0.330000,14.8,3.8
1770801506.038000,45.173852,6.495585,1875.900024,222.0,0.640000,14.9,3.8
1770801532.037000,45.173781,6.495497,1838.099976,233.0,0.560000,6.1,3.8
1770801550.037000,45.173870,6.495462,1838.099976,9.0,1.290000,3.4,3.8
1770801592.037000,45.173914,6.495341,1838.099976,278.0,4.120000,10.7,3.8
1770801596.038000,45.173992,6.495279,1838.099976,317.0,2.520000,10.8,3.8
1770801603.038000,45.173942,6.495157,1875.300049,222.0,1.620000,12.6,3.8
1770801611.038000,45.173993,6.495050,1875.300049,325.0,1.900000,12.7,3.8
1770801617.038000,45.173951,6.494914,1875.300049,223.0,2.160000,12.8,3.8
1770801628.037000,45.173995,6.494796,1866.900024,344.0,1.870000,13.2,3.8
1770801635.037000,45.173952,6.494678,1866.900024,216.0,1.350000,13.3,3.8
1770801645.038000,45.174015,6.494576,1837.699951,297.0,2.670000,1.4,3.8
1770801650.037000,45.173967,6.494468,1837.699951,235.0,1.950000,1.5,3.8
1770801656.038000,45.173903,6.494352,1837.699951,245.0,2.370000,1.5,3.8
1770801662.038000,45.173967,6.494259,1837.699951,299.0,3.270000,1.6,3.8
1770801670.037000,45.173961,6.494124,1839.900024,309.0,2.260000,1.0,4.6
1770801786.037000,45.173989,6.494118,1838.800049,310.0,0.180000,3.9,3.8
1770801806.037000,45.174060,6.494096,1839.599976,340.0,1.970000,6.2,3.8
1770801811.038000,45.174160,6.494043,1839.599976,327.0,2.920000,6.2,3.8
1770801815.037000,45.174229,6.493948,1839.599976,322.0,2.390000,6.3,3.8
1770801820.038000,45.174307,6.493886,1839.599976,344.0,1.980000,6.3,3.8
1770801828.038000,45.174402,6.493918,1838.599976,14.0,0.920000,1.3,4.6
1770801839.038000,45.174446,6.494059,1839.400024,74.0,2.630000,3.0,3.8
1770801844.039000,45.174457,6.494191,1839.400024,78.0,1.530000,3.1,3.8
1770801871.038000,45.174478,6.494321,1839.599976,64.0,0.410000,1.0,3.8
1770801888.039000,45.174490,6.494448,1838.599976,-1.0,0.000000,1.1,3.8
1770801908.038000,45.174508,6.494578,1838.599976,64.0,0.500000,1.0,3.8
1770801941.039000,45.174527,6.494704,1838.699951,67.0,0.970000,1.1,3.8
1770801948.038000,45.174557,6.494830,1838.699951,66.0,1.460000,1.1,3.8
1770801956.039000,45.174589,6.494966,1838.699951,78.0,1.770000,1.1,3.8
1770801963.039000,45.174621,6.495107,1838.699951,77.0,1.810000,1.2,3.8
1770801970.039000,45.174656,6.495247,1852.208984,72.0,1.790000,2.5,3.8
1770801977.039000,45.174687,6.495388,1858.124023,73.0,1.550000,2.5,3.8
1770801984.039000,45.174721,6.495524,1864.651611,75.0,1.560000,2.5,3.8
1770801991.039000,45.174749,6.495664,1871.382812,75.0,1.630000,2.5,3.8
1770801997.039000,45.174775,6.495792,1839.400024,68.0,1.940000,2.2,3.8
1770802004.039000,45.174803,6.495929,1839.400024,68.0,1.600000,2.2,3.8
1770802011.039000,45.174829,6.496054,1839.400024,65.0,1.490000,2.3,3.8
1770802018.039000,45.174857,6.496177,1886.388184,68.0,1.500000,2.5,3.8
1770802024.039000,45.174885,6.496302,1910.300049,70.0,1.760000,3.1,3.8
1770802030.038000,45.174910,6.496426,1837.199951,75.0,1.750000,15.0,3.8
1770802036.038000,45.174938,6.496552,1908.800049,75.0,1.710000,13.2,3.8
1770802042.038000,45.174966,6.496678,1906.800049,66.0,1.700000,15.0,3.8
1770802048.038000,45.174994,6.496813,1905.715576,70.0,1.850000,2.5,3.8
1770802054.038000,45.175022,6.496946,1905.599976,77.0,1.840000,12.7,3.8
1770802060.038000,45.175056,6.497076,1905.599976,70.0,1.790000,12.7,3.8
1770802066.038000,45.175087,6.497205,1905.599976,69.0,1.790000,12.8,3.8
1770802072.038000,45.175116,6.497332,1919.279297,73.0,1.810000,2.5,3.8
1770802078.039000,45.175146,6.497459,1900.099976,74.0,1.720000,12.5,3.8
1770802084.038000,45.175175,6.497592,1927.141602,68.0,1.740000,2.5,3.8
1770802090.039000,45.175205,6.497723,1929.675537,70.0,1.780000,2.5,3.8
1770802096.039000,45.175234,6.497848,1931.857910,75.0,1.820000,2.5,3.8
1770802102.039000,45.175266,6.497980,1934.999023,72.0,1.800000,2.5,3.8
1770802108.039000,45.175300,6.498110,1938.770020,70.0,1.480000,2.5,3.8
1770802118.039000,45.175337,6.498233,1942.101807,71.0,0.890000,2.5,3.8
1770802130.039000,45.175368,6.498359,1945.036133,73.0,0.890000,2.5,3.8
1770802140.038000,45.175389,6.498491,1949.308594,70.0,1.560000,2.5,3.8
1770802146.038000,45.175413,6.498620,1907.099976,70.0,1.790000,8.4,3.8
1770802152.039000,45.175442,6.498754,1907.099976,73.0,1.800000,8.4,3.8
1770802158.038000,45.175470,6.498881,1907.099976,72.0,1.800000,8.5,3.8
1770802164.039000,45.175499,6.499008,1907.099976,72.0,1.780000,8.5,3.8
1770802170.039000,45.175530,6.499144,1907.099976,70.0,1.800000,8.6,3.8
1770802176.039000,45.175560,6.499277,1970.466797,73.0,1.760000,2.5,3.8
1770802182.039000,45.175591,6.499404,1974.182617,72.0,1.750000,2.5,3.8
1770802188.039000,45.175621,6.499529,1978.568359,71.0,1.740000,2.5,3.8
1770802194.038000,45.175647,6.499657,1982.234619,72.0,1.890000,2.5,3.8
1770802200.038000,45.175696,6.499784,1985.370117,73.0,1.760000,2.5,3.8
1770802206.039000,45.175728,6.499912,1988.140625,74.0,1.800000,2.5,3.8
1770802212.039000,45.175755,6.500041,1991.695312,72.0,1.760000,2.5,3.8
1770802218.040000,45.175785,6.500173,1995.237793,71.0,1.800000,2.5,3.8
1770802224.040000,45.175816,6.500303,1924.900024,72.0,1.180000,9.8,3.8
1770802234.040000,45.175850,6.500433,1996.378906,82.0,1.500000,2.5,3.8
1770802240.040000,45.175876,6.500557,1996.618164,75.0,1.290000,2.5,3.8
1770802263.039000,45.175891,6.500686,1996.710938,85.0,0.660000,2.5,3.8
1770802281.039000,45.175847,6.500805,1997.068359,135.0,0.780000,2.5,3.8
1770802294.039000,45.175782,6.500894,1996.811768,136.0,1.150000,2.5,3.8
1770802311.040000,45.175709,6.500974,1997.812500,138.0,0.560000,2.5,3.8
1770802323.039000,45.175634,6.501059,1996.295166,145.0,1.150000,2.5,3.8
1770802334.040000,45.175560,6.501137,1996.049805,141.0,0.350000,2.5,3.8
1770802436.039000,45.175481,6.501197,1997.353027,140.0,1.190000,2.5,3.8
1770802442.040000,45.175393,6.501274,1996.525879,148.0,2.600000,2.5,3.8
1770802446.040000,45.175310,6.501345,1994.537354,142.0,2.530000,2.5,3.8
1770802451.040000,45.175227,6.501418,1993.751953,151.0,2.710000,2.5,3.8
1770802462.039000,45.175142,6.501501,1992.422852,167.0,1.930000,2.5,3.8
1770802466.039000,45.175050,6.501541,1991.291504,156.0,3.250000,2.5,3.8
1770802469.040000,45.174964,6.501599,1990.233154,154.0,3.850000,2.5,3.8
1770802472.040000,45.174863,6.501644,1989.210205,165.0,3.810000,2.5,3.8
1770802475.039000,45.174761,6.501673,1988.164551,171.0,3.920000,2.5,3.8
1770802478.040000,45.174655,6.501662,1987.056641,188.0,4.020000,2.5,3.8
1770802481.039000,45.174557,6.501614,1986.035645,204.0,3.700000,2.5,3.8
1770802484.040000,45.174470,6.501550,1984.946045,206.0,3.660000,2.5,3.8
1770802487.040000,45.174377,6.501483,1983.281494,207.0,3.920000,2.5,3.8
1770802491.040000,45.174276,6.501427,1981.750488,200.0,2.610000,2.5,3.8
1770802495.040000,45.174170,6.501384,1980.449707,189.0,3.470000,2.5,3.8
1770802499.039000,45.174066,6.501337,1979.000244,197.0,3.090000,2.5,3.8
1770802502.040000,45.173973,6.501304,1977.481934,192.0,3.710000,2.5,3.8
1770802505.039000,45.173861,6.501259,1975.879883,194.0,4.480000,2.5,3.8
1770802508.039000,45.173750,6.501214,1975.296143,198.0,4.020000,2.5,3.8
1770802514.040000,45.173665,6.501168,1975.180176,209.0,1.020000,2.5,3.8
1770802523.040000,45.173566,6.501101,1973.792725,202.0,2.130000,2.5,3.8
1770802530.039000,45.173468,6.501103,1972.452148,190.0,1.170000,2.5,3.8
1770802536.040000,45.173372,6.501054,1970.969727,186.0,3.120000,2.5,3.8
1770802540.039000,45.173275,6.500975,1969.509277,187.0,2.950000,2.5,3.8
1770802547.039000,45.173211,6.500877,1967.341064,257.0,2.260000,2.5,3.8
1770802552.039000,45.173174,6.500728,1963.665039,230.0,3.230000,2.5,3.8
1770802556.040000,45.173118,6.500573,1960.719238,225.0,3.540000,2.5,3.8
1770802559.039000,45.173030,6.500475,1959.304199,210.0,3.270000,2.5,3.8
1770802565.040000,45.172941,6.500489,1958.819824,-1.0,0.000000,2.5,3.9
1770802670.041000,45.172920,6.500360,1956.758301,221.0,1.640000,2.5,3.8
1770802677.040000,45.172834,6.500291,1955.795410,218.0,1.430000,2.5,3.8
1770802683.040000,45.172907,6.500205,1920.500000,334.0,2.620000,5.1,3.8
1770802689.041000,45.172993,6.500155,1920.500000,314.0,1.120000,5.2,3.8
1770802706.040000,45.172988,6.500024,1889.000000,203.0,1.310000,18.6,3.8
1770802740.040000,45.173059,6.499941,1836.699951,350.0,0.660000,18.7,3.8
1770802785.040000,45.173139,6.499874,1944.316406,336.0,0.580000,2.5,3.8
1770802812.040000,45.173134,6.499731,1942.381592,254.0,5.210000,2.5,3.8
1770802815.041000,45.173185,6.499550,1938.136475,292.0,5.800000,2.5,3.8
1770802818.041000,45.173190,6.499398,1934.578613,317.0,3.010000,2.5,3.8
1770802921.040000,45.173248,6.499294,1931.658203,249.0,1.650000,2.5,3.8
1770802932.041000,45.173259,6.499164,1924.900024,285.0,0.960000,2.3,3.8
1770802940.040000,45.173270,6.499010,1924.900024,282.0,3.180000,2.3,3.8
1770802944.040000,45.173288,6.498868,1921.199951,275.0,3.090000,2.1,3.8
1770802949.041000,45.173387,6.498841,1921.199951,349.0,2.580000,2.2,3.8
1770802955.041000,45.173373,6.498689,1921.199951,256.0,2.490000,2.2,3.8
1770802960.042000,45.173479,6.498608,1921.199951,324.0,3.890000,2.3,3.8
1770802965.042000,45.173479,6.498464,1920.199951,291.0,3.080000,3.9,3.8
1770803005.042000,45.173558,6.498383,1924.900024,302.0,1.500000,4.5,3.8
1770803011.042000,45.173552,6.498236,1915.300049,315.0,3.070000,3.9,3.8
1770803018.042000,45.173530,6.498098,1915.300049,239.0,2.910000,4.0,3.8
1770803023.041000,45.173580,6.497980,1913.099976,261.0,2.720000,4.9,3.8
1770803029.042000,45.173541,6.497860,1913.099976,321.0,2.510000,5.0,3.8
1770803033.042000,45.173626,6.497793,1913.099976,331.0,2.650000,5.0,3.8
1770803040.042000,45.173600,6.497667,1912.199951,231.0,1.470000,3.2,4.1
1770803046.041000,45.173656,6.497564,1907.500000,313.0,2.910000,1.6,3.8
1770803054.042000,45.173638,6.497431,1908.800049,272.0,2.480000,2.9,3.8
1770803059.041000,45.173710,6.497339,1908.800049,272.0,3.040000,2.9,3.8
1770803064.041000,45.173626,6.497280,1908.800049,202.0,1.310000,3.0,3.8
1770803079.041000,45.173698,6.497190,1907.500000,326.0,0.960000,2.6,3.8
1770803087.042000,45.173636,6.497070,1908.800049,223.0,1.790000,4.7,3.8
1770803109.042000,45.173672,6.496949,1894.811523,303.0,1.550000,2.5,3.8
1770803112.042000,45.173697,6.496824,1892.187988,289.0,4.930000,2.5,3.8
1770803123.042000,45.173786,6.496764,1838.099976,346.0,1.210000,5.4,3.8
1770803130.042000,45.173723,6.496659,1889.308594,204.0,0.000000,2.5,3.8
1770803130.042000,45.173723,6.496659,1889.308594,204.0,0.000000,2.5,3.8
1770803138.042000,45.173736,6.496524,1902.199951,333.0,2.950000,3.9,3.8
1770803144.041000,45.173844,6.496518,1898.900024,340.0,2.470000,4.7,3.8
1770803148.041000,45.173871,6.496377,1898.900024,234.0,3.270000,4.8,3.8
1770803155.041000,45.173798,6.496290,1899.199951,223.0,0.790000,9.6,4.6
1770803166.041000,45.173738,6.496162,1900.099976,236.0,2.420000,4.1,3.8
1770803170.042000,45.173682,6.496021,1878.253906,235.0,3.390000,2.5,3.8
1770803178.041000,45.173770,6.495941,1835.599976,354.0,2.080000,9.6,3.8
1770803186.042000,45.173867,6.495907,1837.000000,328.0,3.730000,7.6,3.8
1770803189.042000,45.173926,6.495780,1837.000000,268.0,5.450000,7.7,3.8
1770803192.042000,45.173875,6.495606,1837.000000,231.0,5.060000,7.7,3.8
1770803195.042000,45.173782,6.495468,1837.000000,223.0,5.250000,7.7,3.8
1770803254.042000,45.173801,6.495343,1872.500000,-1.0,0.000000,10.5,3.8
1770803319.042000,45.173877,6.495259,1838.099976,1.0,3.200000,10.4,3.8
1770803326.042000,45.173898,6.495134,1838.099976,225.0,1.540000,10.4,3.8
1770803332.042000,45.173984,6.495061,1838.300049,3.0,1.860000,9.4,3.8
1770803342.042000,45.173939,6.494948,1838.300049,267.0,0.470000,9.5,3.8
1770803348.042000,45.174016,6.494884,1869.699951,343.0,2.700000,10.8,3.8
1770803358.042000,45.173962,6.494776,1863.699951,233.0,1.530000,11.2,3.8
1770803365.044000,45.174049,6.494680,1863.699951,306.0,2.830000,11.3,3.8
1770803372.043000,45.174016,6.494558,1863.699951,315.0,2.450000,11.4,3.8
1770803385.043000,45.173990,6.494434,1839.900024,229.0,1.100000,5.5,3.8
1770803393.043000,45.173914,6.494336,1839.900024,223.0,1.500000,9.1,3.8
1770803401.043000,45.173944,6.494215,1839.800049,299.0,2.260000,5.3,3.8
1770803406.043000,45.174013,6.494122,1839.800049,329.0,1.880000,5.4,3.8
1770803412.043000,45.174098,6.494038,1839.800049,318.0,1.800000,5.4,3.8
1770803478.043000,45.174161,6.493932,1839.800049,313.0,1.450000,3.5,3.8
1770803487.043000,45.174256,6.493910,1839.900024,353.0,1.740000,1.4,3.8
1770803493.043000,45.174363,6.493912,1839.900024,3.0,2.170000,1.4,3.8
1770803499.042000,45.174460,6.493920,1839.900024,356.0,1.270000,1.5,3.8
1770803508.043000,45.174550,6.493984,1838.300049,39.0,1.160000,2.7,3.8
1770803517.043000,45.174641,6.494057,1838.099976,26.0,1.580000,1.0,3.8
1770803538.043000,45.174692,6.494077,1838.300049,-1.0,0.000000,1.1,3.8
1770803592.042000,45.174720,6.494123,1838.699951,39.0,0.830000,1.5,3.8
1770803673.043000,45.174808,6.494162,1838.099976,12.0,0.920000,1.6,3.8
1770819561.364000,45.179646,6.515429,2453.895752,-1.0,0.000000,8.9,27.4
1770819565.081000,45.179820,6.515406,1839.599976,-1.0,0.000000,11.4,7.8
1770819569.081000,45.179724,6.515420,2448.091309,-1.0,0.000000,2.6,5.4
1770819900.081000,45.179617,6.515490,2449.739014,149.0,1.700000,3.7,10.7
1770819906.081000,45.179548,6.515576,2448.149414,150.0,1.220000,2.5,5.0
1770819914.082000,45.179471,6.515657,2449.867188,155.0,1.110000,2.5,3.8
1770819989.348000,45.179560,6.515623,2448.418945,359.9,1.200857,2.5,3.0
1770820000.345000,45.179645,6.515579,2448.939209,342.0,0.848659,2.5,3.0
1770820108.082000,45.179663,6.515399,2455.656494,-1.0,0.084615,2.5,6.5
1770822498.389000,45.175104,6.512977,2441.684082,-1.0,-1.000000,8.8,600.0
1770822520.488000,45.179789,6.515519,2441.684082,-1.0,-1.000000,8.8,102.5
1770822573.081000,45.179687,6.515451,2445.999023,-1.0,0.000000,9.8,15.5
1770822576.081000,45.179658,6.515328,2446.285400,-1.0,0.000000,6.4,12.4
1770822693.080000,45.179637,6.515476,2443.756104,143.0,1.130000,2.5,9.3
1770822700.080000,45.179572,6.515574,2446.947754,139.0,1.062161,2.5,4.2
1770822706.081000,45.179504,6.515657,2448.361572,136.4,1.060915,2.5,3.2
1770822734.080000,45.179413,6.515670,2449.303955,110.5,0.388009,2.5,3.0
1770822755.081000,45.179317,6.515646,2447.172119,200.7,1.419981,2.5,3.1
1770822760.081000,45.179358,6.515531,2445.099854,315.8,2.762495,2.5,3.0
1770823146.081000,45.181179,6.496559,2003.829590,160.0,3.050000,2.5,3.8
1770823149.081000,45.181101,6.496628,2002.383301,155.0,2.980000,2.5,3.8
1770823153.081000,45.181002,6.496674,2000.816895,166.0,3.000000,2.5,3.8
1770823156.082000,45.180911,6.496717,1998.552246,164.0,4.400000,2.5,3.8
1770823159.081000,45.180782,6.496751,1996.117188,171.0,5.420000,2.5,3.8
1770823161.080000,45.180681,6.496782,1994.541504,166.0,5.780000,2.5,3.8
1770823163.080000,45.180578,6.496805,1993.357666,169.0,0.000000,2.5,3.8
1770823163.080000,45.180578,6.496805,1993.357666,169.0,0.000000,2.5,3.8
1770823165.081000,45.180469,6.496830,1991.625977,173.0,6.250000,2.5,3.8
1770823167.080000,45.180352,6.496844,1990.044922,174.0,6.760000,2.5,3.8
1770823169.080000,45.180225,6.496869,1988.797363,171.0,7.130000,2.5,3.8
1770823171.081000,45.180085,6.496885,1987.007812,176.0,7.990000,2.5,3.8
1770823173.080000,45.179928,6.496892,1985.149902,177.0,8.860000,2.5,3.8
1770823175.081000,45.179763,6.496851,1982.952637,195.0,9.260000,2.5,3.8
1770823177.081000,45.179614,6.496735,1981.807129,209.0,9.500000,2.5,3.8
1770823179.080000,45.179485,6.496591,1980.098145,222.0,8.920000,2.5,3.8
1770823181.080000,45.179369,6.496438,1978.331787,220.0,8.950000,2.5,3.8
1770823183.080000,45.179228,6.496318,1976.213379,210.0,9.380000,2.5,3.8
1770823185.080000,45.179063,6.496206,1973.787598,201.0,10.230000,2.5,3.8
1770823186.082000,45.178973,6.496162,1972.057129,198.0,10.280000,2.5,3.8
1770823187.081000,45.178890,6.496094,1971.017334,208.0,10.260000,2.5,3.8
1770823188.080000,45.178806,6.496025,1970.226074,211.0,10.480000,2.5,3.8
1770823189.081000,45.178725,6.495962,1969.886719,208.0,10.180000,2.5,3.8
1770823191.080000,45.178566,6.495884,1969.000488,197.0,9.260000,2.5,3.8
1770823193.080000,45.178404,6.495837,1967.597168,189.0,9.170000,2.5,3.8
1770823195.081000,45.178240,6.495813,1965.974121,186.0,8.930000,2.5,3.8
1770823197.080000,45.178080,6.495816,1964.500488,175.0,8.690000,2.5,3.8
1770823199.081000,45.177954,6.495902,1962.977295,149.0,7.720000,2.5,3.8
1770823201.081000,45.177843,6.496032,1961.079102,140.0,8.040000,2.5,3.8
1770823203.080000,45.177708,6.496155,1958.147949,153.0,9.470000,2.5,3.8
1770823205.080000,45.177557,6.496293,1956.259766,139.0,10.690000,2.5,3.8
1770823206.081000,45.177486,6.496376,1954.922363,140.0,10.200000,2.5,3.8
1770823207.081000,45.177406,6.496435,1953.781738,154.0,10.140000,2.5,3.8
1770823208.081000,45.177326,6.496497,1952.465820,151.0,10.110000,2.5,3.8
1770823209.080000,45.177257,6.496581,1951.070312,134.0,10.200000,2.5,3.8
1770823210.080000,45.177201,6.496681,1949.726074,125.0,10.220000,2.5,3.8
1770823211.081000,45.177135,6.496773,1948.110107,137.0,10.370000,2.5,3.8
1770823212.081000,45.177052,6.496835,1946.544922,156.0,10.820000,2.5,3.8
1770823213.081000,45.176966,6.496906,1944.720215,150.0,11.190000,2.5,3.8
1770823214.080000,45.176876,6.496972,1943.189209,155.0,11.320000,2.5,3.8
1770823215.081000,45.176781,6.497019,1941.946777,160.0,11.180000,2.5,3.8
1770823216.081000,45.176698,6.497092,1940.220703,145.0,10.760000,2.5,3.8
1770823217.081000,45.176622,6.497174,1939.359375,143.0,10.620000,2.5,3.8
1770823218.081000,45.176540,6.497237,1938.285156,151.0,10.400000,2.5,3.8
1770823219.080000,45.176453,6.497282,1937.269287,160.0,10.060000,2.5,3.8
1770823220.080000,45.176368,6.497326,1936.222656,158.0,9.910000,2.5,3.8
1770823222.081000,45.176218,6.497421,1934.399414,155.0,8.830000,2.5,3.8
1770823224.080000,45.176083,6.497506,1932.740479,155.0,8.190000,2.5,3.8
1770823226.080000,45.175956,6.497570,1931.493164,162.0,7.350000,2.5,3.8
1770823228.080000,45.175827,6.497608,1930.523438,167.0,7.180000,2.5,3.8
1770823230.081000,45.175704,6.497648,1929.556152,168.0,7.050000,2.5,3.8
1770823246.080000,45.175624,6.497563,1900.099976,246.0,2.300000,7.4,3.8
1770823250.081000,45.175609,6.497416,1905.599976,275.0,3.420000,5.0,3.8
1770823253.081000,45.175662,6.497289,1905.599976,313.0,4.020000,5.0,3.8
1770823255.081000,45.175733,6.497203,1905.599976,316.0,5.610000,5.1,3.8
1770823257.081000,45.175799,6.497081,1905.599976,312.0,6.280000,5.1,3.8
1770823259.080000,45.175888,6.497007,1905.599976,322.0,5.850000,5.1,3.8
1770823261.081000,45.175953,6.496882,1905.599976,316.0,6.470000,5.1,3.8
1770823263.080000,45.176052,6.496813,1905.599976,321.0,6.890000,5.1,3.8
1770823265.081000,45.176132,6.496673,1905.599976,322.0,6.810000,5.2,3.8
1770823267.080000,45.176224,6.496586,1905.599976,305.0,5.730000,5.2,3.8
1770823270.082000,45.176289,6.496459,1840.000000,315.0,4.440000,11.9,4.0
1770823273.080000,45.176366,6.496313,1840.000000,305.0,5.090000,11.9,4.0
1770823275.080000,45.176416,6.496194,1840.000000,298.0,5.650000,11.9,3.8
1770823277.081000,45.176472,6.496074,1832.000000,301.0,5.660000,6.2,3.8
1770823279.081000,45.176513,6.495949,1832.000000,294.0,5.080000,6.2,3.8
1770823282.081000,45.176546,6.495804,1832.000000,281.0,3.330000,6.2,3.8
1770823285.081000,45.176517,6.495684,1893.168701,217.0,3.380000,2.5,3.8
1770823288.080000,45.176414,6.495763,1890.753906,136.0,4.770000,2.5,3.8
1770823290.081000,45.176344,6.495894,1889.529297,135.0,5.760000,2.5,3.8
1770823292.082000,45.176251,6.495965,1888.363525,155.0,5.530000,2.5,3.8
1770823294.081000,45.176145,6.496001,1887.281738,169.0,5.690000,2.5,3.8
1770823296.082000,45.176037,6.496008,1886.236816,179.0,5.900000,2.5,3.8
1770823298.081000,45.175926,6.495998,1885.229980,181.0,5.720000,2.5,3.8
1770823300.081000,45.175816,6.495989,1884.593262,183.0,5.950000,2.5,3.8
1770823302.081000,45.175732,6.495930,1883.529297,221.0,4.840000,2.5,3.8
1770823305.081000,45.175775,6.495783,1881.344971,318.0,5.130000,2.5,4.2
1770823307.080000,45.175877,6.495706,1879.431641,334.0,6.510000,2.5,4.2
1770823309.080000,45.175986,6.495639,1878.459473,337.0,6.520000,2.5,3.8
1770823311.080000,45.176093,6.495564,1877.400391,332.0,6.600000,2.5,3.8
1770823313.081000,45.176182,6.495443,1876.018066,314.0,7.000000,2.5,3.8
1770823315.081000,45.176252,6.495265,1873.443848,295.0,8.170000,2.5,3.8
1770823317.080000,45.176302,6.495053,1870.904053,286.0,8.930000,2.5,3.8
1770823319.080000,45.176352,6.494837,1869.242920,287.0,8.930000,2.5,3.8
1770823321.081000,45.176412,6.494624,1867.589844,291.0,8.800000,2.5,3.8
1770823323.080000,45.176471,6.494422,1866.406494,292.0,7.980000,2.5,3.8
1770823325.080000,45.176519,6.494237,1864.690918,289.0,7.470000,2.5,3.8
1770823327.081000,45.176557,6.494057,1863.221436,282.0,7.190000,2.5,3.8
1770823329.081000,45.176586,6.493884,1861.754883,281.0,6.830000,2.5,3.8
1770823331.080000,45.176611,6.493718,1860.267578,283.0,6.660000,2.5,3.8
1770823333.081000,45.176662,6.493560,1859.130859,296.0,6.560000,2.5,3.8
1770823335.081000,45.176722,6.493426,1833.800049,301.0,6.180000,3.0,3.8
1770823337.081000,45.176784,6.493301,1833.800049,304.0,6.040000,3.1,3.8
1770823339.080000,45.176849,6.493183,1833.800049,307.0,5.670000,3.1,3.8
1770823341.081000,45.176906,6.493077,1833.800049,305.0,5.300000,3.1,3.8
1770823343.080000,45.176968,6.492983,1833.800049,317.0,4.850000,3.1,3.8
1770823346.081000,45.177071,6.492874,1833.800049,328.0,4.650000,3.2,3.8
1770823349.081000,45.177181,6.492781,1812.099976,325.0,5.030000,16.6,3.8
1770823351.081000,45.177254,6.492703,1812.099976,319.0,4.990000,16.7,3.8
1770823354.081000,45.177329,6.492584,1812.099976,309.0,4.010000,16.7,3.8
1770823357.081000,45.177419,6.492467,1812.099976,318.0,4.750000,16.7,3.8
1770823360.081000,45.177512,6.492407,1812.099976,340.0,3.290000,16.8,3.8
1770823363.081000,45.177604,6.492364,1812.099976,343.0,3.920000,16.8,3.8
1770823366.080000,45.177707,6.492328,1812.099976,348.0,3.720000,16.8,3.8
1770823369.081000,45.177792,6.492279,1812.099976,344.0,3.500000,16.8,3.8
1770823372.081000,45.177912,6.492227,1817.000000,340.0,5.040000,4.9,3.8
1770823374.081000,45.177997,6.492169,1817.000000,332.0,5.030000,4.9,3.8
1770823377.080000,45.178104,6.492076,1817.000000,328.0,4.450000,5.0,3.8
1770823380.081000,45.178205,6.491984,1833.251221,326.0,4.570000,2.5,3.8
1770823383.081000,45.178304,6.491882,1832.741699,322.0,4.170000,2.5,3.8
1770823386.080000,45.178374,6.491762,1817.000000,309.0,4.070000,8.9,3.8
1770823389.080000,45.178434,6.491645,1817.000000,306.0,3.390000,8.9,3.8
1770823393.081000,45.178495,6.491549,1817.000000,303.0,2.440000,9.0,3.8
1770823397.080000,45.178575,6.491456,1817.000000,319.0,3.090000,9.0,3.8
1770823404.081000,45.178676,6.491447,1817.000000,35.0,2.470000,9.1,3.8
1770823424.082000,45.178692,6.491419,1825.887451,-1.0,0.000000,2.5,3.8
1770823500.081000,45.178768,6.491415,1817.000000,334.0,1.360000,18.6,3.8
1770823509.082000,45.178853,6.491361,1817.000000,332.0,1.100000,15.0,3.8
1770823519.082000,45.178946,6.491325,1825.771484,349.0,1.140000,2.5,3.8
1770823529.082000,45.179042,6.491293,1817.000000,346.0,1.050000,13.6,3.8
1770823584.081000,45.179135,6.491255,1824.040039,343.0,1.000000,2.5,3.8
1770823595.082000,45.179230,6.491226,1824.109863,352.0,0.970000,2.5,3.8
1770823610.082000,45.179321,6.491190,1824.303955,336.0,1.130000,2.5,3.8
1770823620.082000,45.179398,6.491117,1817.000000,319.0,1.040000,11.4,3.8
1770823668.082000,45.179464,6.491017,1817.000000,303.0,0.960000,13.7,3.8
1770823679.081000,45.179517,6.490914,1817.000000,314.0,1.030000,3.8,3.8
1770823690.082000,45.179578,6.490817,1815.000000,313.0,0.940000,4.5,3.8
1770823699.335000,45.179642,6.490726,1825.229004,314.3,0.880410,2.5,3.0
1770823745.082000,45.179722,6.490656,1817.000000,340.0,0.804075,4.6,13.5
1770823758.082000,45.179803,6.490588,1817.000000,338.2,0.891980,5.8,3.1
1770823769.973000,45.179894,6.490551,1817.000000,340.1,0.856338,2.8,3.3
1770823785.081000,45.179984,6.490557,1818.900024,6.3,0.872560,12.4,3.1
1770823794.081000,45.180077,6.490557,1818.900024,350.3,0.901285,6.3,3.0
1770824197.490000,45.180127,6.490451,1818.900024,348.4,0.945336,16.7,7.1
1770824233.083000,45.180129,6.490587,1819.000000,-1.0,0.086314,10.5,6.4
1770824559.988000,45.180182,6.490694,1818.900024,69.8,1.308664,8.6,10.9
1770824641.887000,45.180089,6.490730,1818.900024,174.6,1.237482,7.5,14.1
1770824659.083000,45.180167,6.490657,1818.900024,333.8,0.560091,16.7,4.2
1770824886.084000,45.180125,6.490544,1818.900024,-1.0,0.036882,15.0,9.2
1770828791.050000,45.180215,6.490531,1819.000000,353.5,0.324246,1.1,11.3
1770828808.666000,45.180120,6.490541,1819.000000,180.9,1.045098,1.0,10.1
1770828900.033000,45.180204,6.490586,1819.000000,37.8,0.160246,6.2,4.7
1770829330.082000,45.180304,6.490632,1834.292725,64.2,0.425723,38.4,44.5
1770829336.798000,45.180224,6.490563,1818.800049,194.2,0.209082,23.4,16.1
1770829378.628000,45.180133,6.490503,1818.800049,205.2,0.637912,23.6,69.2
1770829583.463000,45.180241,6.490462,1818.800049,346.2,0.703455,23.4,110.0
1770829978.802000,45.180562,6.484185,1818.800049,-1.0,-1.000000,23.4,700.0
1770830159.080000,45.180206,6.490722,1818.800049,-1.0,-1.000000,29.2,53.3
1770830162.081000,45.180243,6.490605,1818.800049,-1.0,-1.000000,16.6,24.2
1770830775.081000,45.180248,6.490735,1832.555664,-1.0,0.000000,2.6,9.9
1770831034.080000,45.180170,6.490581,1818.800049,224.0,0.550000,16.6,16.5
1770831036.081000,45.180215,6.490747,1818.800049,-1.0,0.000000,16.7,19.0
1770831057.080000,45.180080,6.490701,1818.800049,-1.0,0.000000,18.6,10.7
1770831169.081000,45.180052,6.490578,1818.900024,193.0,0.320000,3.0,9.9
1770831180.081000,45.179968,6.490525,1815.000000,159.0,1.220000,8.6,9.9
1770831188.612000,45.179877,6.490539,1818.900024,176.1,0.997535,7.5,3.2
1770831196.957000,45.179790,6.490577,1817.000000,160.6,0.974035,3.4,3.8
1770831204.807000,45.179707,6.490634,1817.000000,150.3,1.060927,5.5,5.0
1770831213.211000,45.179629,6.490699,1817.000000,164.2,1.117037,9.6,4.9
1770831221.665000,45.179568,6.490795,1826.253906,121.4,1.225972,2.5,3.0
1770831230.843000,45.179508,6.490901,1817.000000,135.4,1.207412,5.9,3.0
1770831245.986000,45.179439,6.490990,1817.000000,123.2,0.812969,9.6,3.0
1770831278.081000,45.179374,6.491091,1823.974609,131.0,0.627581,2.5,3.6
1770831289.080000,45.179291,6.491153,1823.358887,158.1,1.161476,2.5,3.0
1770831296.722000,45.179207,6.491213,1823.056641,165.2,1.231599,2.5,3.0
1770831304.639000,45.179120,6.491256,1823.260254,165.5,1.255653,2.5,3.0
1770831313.081000,45.179030,6.491282,1823.294922,165.5,1.160488,2.5,3.0
1770831321.421000,45.178940,6.491309,1823.773926,175.0,1.237398,2.5,3.0
1770831329.382000,45.178851,6.491347,1823.283447,164.3,1.268943,2.7,3.0
1770831336.621000,45.178766,6.491399,1823.423340,151.8,1.259177,4.1,3.0
1770831343.820000,45.178684,6.491454,1817.000000,151.4,1.329447,23.9,3.0
1770831352.081000,45.178604,6.491543,1822.698242,140.8,1.322135,2.5,3.1
1770831360.081000,45.178531,6.491631,1821.842773,141.8,1.308052,2.5,3.0
1770831368.081000,45.178447,6.491682,1821.997803,163.3,1.278449,2.5,3.0
1770831375.062000,45.178357,6.491701,1822.043701,174.1,1.305071,2.5,3.1
1770831382.379000,45.178266,6.491702,1821.927979,184.8,1.224491,2.5,3.1
1770831392.080000,45.178187,6.491766,1822.524902,134.1,1.441702,2.5,3.0
1770831399.021000,45.178101,6.491838,1822.040527,151.1,1.428716,2.5,3.0
1770831407.077000,45.178015,6.491890,1822.519287,161.7,1.268942,2.5,3.0
1770831417.080000,45.177926,6.491932,1824.273682,151.4,1.013341,2.5,3.0
1770831426.435000,45.177837,6.491970,1824.835449,163.6,1.091913,2.5,3.0
1770831435.081000,45.177746,6.492000,1825.248291,164.2,1.203545,2.5,3.0
1770831442.957000,45.177652,6.492033,1825.694336,161.5,1.292521,2.5,3.0
1770831451.081000,45.177562,6.492060,1826.112793,167.0,1.260000,2.5,3.8
1770831459.081000,45.177475,6.492093,1831.400024,165.0,1.310000,3.4,3.8
1770831467.081000,45.177384,6.492132,1880.699951,159.0,1.310000,8.8,3.8
1770831475.080000,45.177297,6.492175,1828.283936,163.0,1.230000,2.5,3.8
1770831483.081000,45.177214,6.492229,1832.199951,156.0,1.230000,3.3,3.8
1770831491.080000,45.177123,6.492259,1831.199951,164.0,1.190000,5.4,3.8
1770831499.080000,45.177034,6.492303,1832.199951,154.0,1.300000,6.9,3.8
1770831507.080000,45.176945,6.492353,1832.199951,162.0,1.350000,6.2,3.8
1770831515.081000,45.176852,6.492388,1831.199951,165.0,1.300000,11.1,3.8
1770831522.377000,45.176762,6.492415,1831.199951,175.0,1.332536,16.0,3.2
1770831529.599000,45.176670,6.492431,1831.199951,167.2,1.334058,5.5,3.3
1770831537.876000,45.176576,6.492450,1833.699951,171.5,1.340182,2.4,4.2
1770831553.296000,45.176502,6.492528,1839.900024,174.9,0.964583,11.6,4.1
1770831559.457000,45.176415,6.492565,1831.199951,159.2,1.424466,3.1,4.6
1770831566.081000,45.176331,6.492637,1831.199951,150.2,1.405332,5.0,5.4
1770831573.419000,45.176247,6.492687,1832.199951,150.4,1.382512,1.7,5.1
1770831580.975000,45.176168,6.492747,1832.500000,151.9,1.295018,3.6,5.3
1770831589.081000,45.176090,6.492819,1831.400024,145.0,1.320646,6.1,3.5
1770831596.381000,45.176027,6.492913,1838.400024,125.3,1.235606,5.6,4.9
1770831605.018000,45.175981,6.493024,1831.400024,128.5,1.174242,9.3,5.2
1770831613.080000,45.175928,6.493136,1831.400024,105.3,1.335262,5.3,3.7
1770831622.080000,45.175871,6.493248,1833.800049,142.7,1.182386,8.1,4.6
1770831629.539000,45.175792,6.493314,1832.000000,153.7,1.232928,2.6,5.2
1770831638.080000,45.175720,6.493402,1835.199951,146.8,1.206403,2.0,5.3
1770831645.638000,45.175647,6.493478,1833.800049,155.1,1.276798,1.1,4.7
1770831653.081000,45.175570,6.493548,1833.699951,137.8,1.317694,1.1,4.1
1770831662.003000,45.175496,6.493624,1834.000000,152.0,1.101226,1.0,5.1
1770831669.138000,45.175411,6.493673,1834.000000,165.5,1.213164,1.0,5.2
1770831676.480000,45.175318,6.493677,1834.000000,175.9,1.239770,1.1,5.1
1770831684.577000,45.175226,6.493698,1834.000000,173.6,1.108045,2.8,5.0
1770831692.982000,45.175133,6.493714,1833.900024,172.7,1.070688,1.3,5.0
1770831702.837000,45.175040,6.493717,1834.000000,188.2,1.035988,1.5,5.0
1770831726.080000,45.174978,6.493625,1834.000000,213.2,0.875045,1.5,3.8
1770831734.080000,45.174894,6.493575,1835.000000,176.2,1.121950,1.7,4.3
1770831753.080000,45.174801,6.493602,1834.000000,148.4,1.185582,2.3,4.9
1770833234.084000,45.174205,6.494047,1839.800049,160.1,0.229325,4.7,8.3
1770833475.175000,45.174407,6.493889,1839.599976,90.2,0.162265,1.1,5.0
1770833867.019000,45.174509,6.494042,1839.500000,38.3,1.574176,4.3,17.5
1770833870.004000,45.174633,6.494026,1839.500000,57.5,0.205017,4.4,16.4
1770833887.084000,45.174506,6.493962,1839.500000,50.3,0.107252,1.3,5.7
1770833890.083000,45.174416,6.493932,1839.500000,359.9,0.170948,1.3,8.4
1770834346.084000,45.174413,6.493798,1838.199951,250.6,0.724653,1.6,3.8
1770834368.851000,45.174432,6.493664,1838.199951,265.8,1.073013,1.3,6.0
1770834376.084000,45.174440,6.493531,1838.199951,261.3,1.126587,1.4,6.3
1770834386.085000,45.174470,6.493408,1837.199951,271.1,0.835603,2.1,5.3
1770834414.085000,45.174403,6.493323,1837.199951,168.6,0.228234,1.8,7.4
1770834484.614000,45.174250,6.493376,1837.199951,189.9,3.279857,1.5,42.7
1770834490.884000,45.174450,6.493425,1837.199951,9.9,2.831096,2.0,20.0
1770834509.013000,45.174453,6.493426,1837.199951,-1.0,0.000000,1.8,20.0
1770834509.013000,45.174453,6.493426,1837.199951,-1.0,0.000000,1.8,20.0
1770840146.648000,45.174197,6.493703,1838.599976,-1.0,-1.000000,2.3,21.7
1770840151.636000,45.174379,6.493384,1838.599976,89.0,0.660000,2.4,23.5
1770840155.085000,45.174423,6.493577,1837.199951,-1.0,0.000000,1.7,24.1
1770840212.084000,45.174484,6.493674,1839.500000,354.0,1.060000,4.5,3.8
1770840222.800000,45.174577,6.493644,1839.500000,330.6,0.904216,2.7,3.2
1770840230.857000,45.174644,6.493555,1839.500000,287.4,1.191568,1.5,3.0
1770840246.002000,45.174708,6.493458,1836.699951,339.1,1.124522,2.7,4.4
1770840256.084000,45.174775,6.493369,1837.500000,319.9,1.167297,7.0,5.3
1770840269.963000,45.174865,6.493364,1833.699951,62.3,0.990003,1.0,3.5
1770840277.900000,45.174916,6.493480,1833.699951,51.3,1.200149,1.1,4.7
1770840286.084000,45.174946,6.493602,1833.699951,46.1,1.201578,1.1,5.1
1770840298.085000,45.174970,6.493728,1834.000000,126.8,0.806525,1.2,5.2
1770840308.085000,45.175062,6.493764,1834.000000,7.9,1.195433,1.4,4.9
1770840320.599000,45.175154,6.493751,1834.000000,329.7,0.703200,1.2,4.4
1770840329.084000,45.175235,6.493690,1835.000000,322.6,1.140856,1.6,4.9
1770840337.037000,45.175328,6.493671,1833.699951,341.2,1.219404,1.0,5.2
1770840346.085000,45.175404,6.493589,1834.000000,321.6,1.217220,1.0,5.3
1770840356.040000,45.175484,6.493514,1834.000000,319.8,1.102833,1.1,5.3
1770840382.085000,45.175577,6.493510,1834.000000,57.7,0.238914,1.0,3.7
1770840392.939000,45.175668,6.493455,1833.599976,331.6,1.201912,1.2,4.8
1770840400.360000,45.175745,6.493387,1833.800049,332.2,1.189210,1.5,5.0
1770840408.717000,45.175814,6.493304,1834.000000,321.9,1.108669,1.5,5.0
1770840418.085000,45.175888,6.493226,1831.599976,322.9,1.121331,1.1,5.1
1770840427.085000,45.175946,6.493129,1831.599976,302.6,1.166034,1.7,5.3
1770840436.084000,45.175992,6.493020,1831.400024,305.6,1.169496,3.8,5.6
1770840444.560000,45.176049,6.492913,1832.500000,315.0,1.218851,19.0,5.5
1770840453.902000,45.176122,6.492836,1832.500000,332.6,1.167014,14.8,3.1
1770840462.961000,45.176206,6.492786,1831.000000,338.9,1.135478,3.4,3.1
1770840471.084000,45.176296,6.492743,1831.000000,348.7,1.162324,6.6,4.8
1770840479.085000,45.176380,6.492684,1832.199951,338.7,1.249387,2.9,5.3
1770840487.084000,45.176440,6.492587,1831.199951,329.4,1.171139,11.1,4.2
1770840498.736000,45.176521,6.492516,1833.699951,339.0,1.166716,10.6,3.0
1770840507.323000,45.176606,6.492475,1828.196289,336.5,1.091295,2.5,4.2
1770840516.057000,45.176697,6.492473,1829.765625,358.3,1.138813,2.5,3.1
1770840523.881000,45.176789,6.492451,1830.135010,346.5,1.220548,2.5,3.0
1770840532.085000,45.176882,6.492418,1832.199951,348.6,1.296195,11.4,3.0
1770840540.085000,45.176969,6.492373,1832.199951,345.0,1.246009,11.4,3.0
1770840547.858000,45.177056,6.492330,1830.832764,343.6,1.258754,2.5,3.0
1770840556.084000,45.177147,6.492290,1829.443359,342.5,1.218441,2.5,3.0
1770840564.004000,45.177235,6.492245,1817.000000,347.4,1.309860,8.9,3.1
1770840571.956000,45.177320,6.492191,1817.000000,341.8,1.263677,7.2,3.1
1770840580.084000,45.177398,6.492126,1817.000000,333.5,1.268760,16.6,3.0
1770840587.879000,45.177492,6.492120,1817.000000,353.9,1.273523,12.4,3.1
1770840595.960000,45.177583,6.492101,1817.000000,350.5,1.289712,7.7,3.1
1770840603.542000,45.177670,6.492067,1817.000000,350.0,1.320989,10.4,3.0
1770840610.964000,45.177759,6.492046,1817.000000,348.8,1.317522,16.6,3.0
1770840618.735000,45.177849,6.492018,1826.593750,343.7,1.296280,2.5,3.0
1770840626.516000,45.177935,6.491964,1825.978516,333.1,1.235876,2.5,3.0
1770840633.655000,45.178023,6.491930,1825.329834,339.6,1.296972,2.5,3.0
1770840641.084000,45.178106,6.491874,1824.459229,324.6,1.323054,2.5,3.0
1770840649.755000,45.178193,6.491818,1817.000000,334.9,1.310058,12.4,3.0
1770840657.085000,45.178278,6.491770,1817.000000,344.0,1.272324,11.4,3.0
1770840664.417000,45.178367,6.491755,1817.000000,350.1,1.278059,8.9,3.1
1770840672.085000,45.178458,6.491749,1817.000000,354.1,1.237049,16.6,3.0
1770840679.583000,45.178534,6.491678,1819.838135,322.8,1.273720,2.5,3.0
1770840686.678000,45.178604,6.491592,1817.000000,322.7,1.327679,11.4,3.0
1770840693.918000,45.178688,6.491514,1821.665771,330.4,1.258866,2.5,3.0
1770840700.361000,45.178763,6.491445,1822.092285,330.6,1.276779,2.5,3.0
1770840708.084000,45.178843,6.491381,1817.000000,334.5,1.277013,13.6,3.0
1770840716.015000,45.178932,6.491334,1817.000000,347.2,1.259181,12.4,3.0
1770840723.857000,45.179026,6.491305,1817.000000,348.1,1.262253,18.5,3.0
1770840730.882000,45.179116,6.491283,1817.000000,353.2,1.299487,16.7,3.0
1770840738.084000,45.179205,6.491240,1817.000000,324.0,1.157475,16.6,3.0
1770840745.800000,45.179292,6.491202,1817.000000,346.5,1.235236,15.0,3.0
1770840753.864000,45.179374,6.491129,1817.000000,304.5,1.242217,18.5,3.0
1770840761.084000,45.179435,6.491034,1817.000000,314.7,1.282163,10.5,3.0
1770840768.018000,45.179499,6.490943,1817.000000,314.5,1.254930,5.9,4.3
1770840775.619000,45.179567,6.490853,1817.000000,315.5,1.281732,9.6,5.8
1770840784.085000,45.179631,6.490762,1817.000000,329.5,1.224190,18.6,3.4
1770840792.084000,45.179704,6.490674,1825.245117,324.8,1.269680,2.5,3.0
1770840798.721000,45.179787,6.490610,1817.000000,341.2,1.275447,12.4,3.0
1770840807.102000,45.179883,6.490577,1817.000000,352.8,1.289953,6.7,3.0
1770840813.723000,45.179977,6.490565,1818.900024,354.8,1.309290,9.8,3.0
1770840822.517000,45.180068,6.490552,1823.150635,20.2,1.224648,2.5,3.0
1770840831.084000,45.180120,6.490667,1818.900024,38.7,0.985087,3.4,3.0
1770840949.085000,45.180183,6.490576,1818.900024,333.0,1.042922,8.3,5.5
1770840962.443000,45.180235,6.490681,1818.900024,110.4,0.636409,13.7,4.3
1770841131.084000,45.180227,6.490847,1819.000000,72.0,2.260000,21.1,10.8
1770841182.084000,45.180176,6.490740,1819.000000,201.0,0.880000,21.6,11.2
1770841243.085000,45.180216,6.490615,1818.900024,-1.0,0.000000,6.9,44.8
1770841797.042000,45.180093,6.490539,1819.000000,-1.0,-1.000000,12.4,77.6
1770841802.084000,45.180199,6.490664,1819.000000,-1.0,0.000000,12.4,53.4
1770841823.679000,45.180190,6.490486,1818.800049,-1.0,-1.000000,7.1,82.5
1770841834.424000,45.180092,6.490539,1819.000000,-1.0,-1.000000,11.3,72.9
1770841850.398000,45.180252,6.490472,1818.800049,-1.0,-1.000000,15.0,87.6
1770841878.460000,45.180088,6.490527,1819.000000,-1.0,-1.000000,18.5,98.4
1770841941.085000,45.180178,6.490522,1818.900024,-1.0,0.000000,15.1,33.4
1770842292.083000,45.180189,6.490650,1819.000000,-1.0,0.000000,27.5,10.0
